-- phpMyAdmin SQL Dump
-- version 5.2.1
-- https://www.phpmyadmin.net/
--
-- Host: 127.0.0.1
-- Generation Time: Jan 20, 2024 at 01:08 PM
-- Server version: 10.4.32-MariaDB
-- PHP Version: 8.0.30

SET SQL_MODE = "NO_AUTO_VALUE_ON_ZERO";
START TRANSACTION;
SET time_zone = "+00:00";


/*!40101 SET @OLD_CHARACTER_SET_CLIENT=@@CHARACTER_SET_CLIENT */;
/*!40101 SET @OLD_CHARACTER_SET_RESULTS=@@CHARACTER_SET_RESULTS */;
/*!40101 SET @OLD_COLLATION_CONNECTION=@@COLLATION_CONNECTION */;
/*!40101 SET NAMES utf8mb4 */;

--
-- Database: `nexushub`
--

-- --------------------------------------------------------

--
-- Table structure for table `category`
--

CREATE TABLE `category` (
  `cat_id` int(11) NOT NULL,
  `cat_name` varchar(50) NOT NULL,
  `mid` int(11) NOT NULL,
  `cat_photo` varchar(30) NOT NULL
) ENGINE=InnoDB DEFAULT CHARSET=utf8mb4 COLLATE=utf8mb4_general_ci;

--
-- Dumping data for table `category`
--

INSERT INTO `category` (`cat_id`, `cat_name`, `mid`, `cat_photo`) VALUES
(1, 'Python', 4, 'python.png'),
(2, 'Java', 4, 'java.png'),
(3, 'PHP', 4, 'php.png'),
(4, 'Java Script', 4, 'js.png'),
(5, 'Android', 4, 'android.png'),
(6, 'Movie', 1, ''),
(7, 'k-Drama', 1, ''),
(8, 'Web Series', 1, ''),
(9, 'Short Series', 1, ''),
(10, 'Kids', 1, ''),
(11, 'K-movies', 1, ''),
(12, 'Japanese-Drama', 1, ''),
(13, 'Traveling', 2, ''),
(14, 'Food', 2, ''),
(15, 'Science', 2, ''),
(16, 'Engish(lang)', 3, 'cat-english.png'),
(17, 'Korean(lang)', 3, 'cat-korean.png'),
(18, 'German(lang)', 3, 'cat-german.png'),
(19, 'French', 3, 'cat-french.png'),
(20, 'Sanskirt', 3, 'cat-sanskrit.png'),
(21, 'Urdu', 3, 'cat-urdu.png'),
(22, 'Chinese-drama', 1, '');

-- --------------------------------------------------------

--
-- Table structure for table `item`
--

CREATE TABLE `item` (
  `id` int(20) NOT NULL,
  `title` varchar(50) NOT NULL,
  `description` text NOT NULL,
  `content` text NOT NULL,
  `photopath` text NOT NULL,
  `videopath` text NOT NULL,
  `test_link` text NOT NULL,
  `publish_by` text NOT NULL,
  `publish_date` date NOT NULL,
  `module_id` int(11) NOT NULL,
  `category` int(50) NOT NULL,
  `keywords` varchar(50) NOT NULL,
  `time` time NOT NULL
) ENGINE=InnoDB DEFAULT CHARSET=latin1 COLLATE=latin1_swedish_ci;

--
-- Dumping data for table `item`
--

INSERT INTO `item` (`id`, `title`, `description`, `content`, `photopath`, `videopath`, `test_link`, `publish_by`, `publish_date`, `module_id`, `category`, `keywords`, `time`) VALUES
(1, 'What is Python', 'Python is a simple, general purpose, high level, and object-oriented programming language.', 'Python is a general-purpose, dynamic, high-level, and interpreted programming language. It supports Object Oriented programming approach to develop applications. It is simple and easy to learn and provides lots of high-level data structures.\r\n\r\nPython is an easy-to-learn yet powerful and versatile scripting language, which makes it attractive for Application Development.\r\n\r\nWith its interpreted nature, Python\'s syntax and dynamic typing make it an ideal language for scripting and rapid application development.\r\n\r\nPython supports multiple programming patterns, including object-oriented, imperative, and functional or procedural programming styles.\r\n\r\nPython is not intended to work in a particular area, such as web programming. It is a multipurpose programming language because it can be used with web, enterprise, 3D CAD, etc.\r\n\r\nWe don\'t need to use data types to declare variable because it is dynamically typed, so we can write a=10 to assign an integer value in an integer variable.\r\n\r\nPython makes development and debugging fast because no compilation step is included in Python development, and the edit-test-debug cycle is very fast.\r\n\r\nPython has many web-based assets, open-source projects, and a vibrant community. Learning the language, working together on projects, and contributing to the Python ecosystem are all made very easy for developers.\r\n\r\nBecause of its straightforward language framework, Python is easier to understand and write code in. This makes it a fantastic programming language for novices. Additionally, it assists seasoned programmers in writing clearer, error-free code.\r\n\r\nPython is an open-source, cost-free programming language. It is utilized in several sectors and disciplines as a result.\r\n\r\nIn Python, code readability and maintainability are important. As a result, even if the code was developed by someone else, it is easy to understand and adapt by some other developer.\r\n\r\nPython has many third-party libraries that can be used to make its functionality easier. These libraries cover many domains, for example, web development, scientific computing, data analysis, and more.', 'python.jpg', 'https://www.youtube.com/embed/Y8Tko2YC5hA?si=r6JewjoT4cLz6i_Q', 'https://take.quiz-maker.com/QCSFY3JDD', 'Shehnaz Saiyad', '2024-01-04', 4, 1, 'python,', '00:03:08'),
(2, 'What is Java', 'Java is a programming language and a platform. Java is a high level, robust, object-oriented and secure programming language.', 'Java was developed by Sun Microsystems (which is now the subsidiary of Oracle) in the year 1995. James Gosling is known as the father of Java. Before Java, its name was Oak. Since Oak was already a registered company, so James Gosling and his team changed the name from Oak to Java.', 'java.jpg', 'https://www.youtube.com/embed/NCoekcDxbrI?si=p6rS449oP7q_RpD6', 'https://take.quiz-maker.com/Q7YF29U62', 'Prakash Khant', '2024-01-02', 4, 5, 'java, programming', '00:03:08'),
(3, 'What is JavaScript', 'JavaScript is an object-based scripting language which is lightweight and cross-platform.\r\n\r\nJavaScript is not a compiled language, but it is a translated language. The JavaScript Translator (embedded in the browser) is responsible for translating the JavaScript code for the web browser.', 'JavaScript (js) is a light-weight object-oriented programming language which is used by several websites for scripting the webpages. It is an interpreted, full-fledged programming language that enables dynamic interactivity on websites when applied to an HTML document. It was introduced in the year 1995 for adding programs to the webpages in the Netscape Navigator browser. Since then, it has been adopted by all other graphical web browsers. With JavaScript, users can build modern web applications to interact directly without reloading the page every time. The traditional website uses js to provide several forms of interactivity and simplicity.\r\n\r\nAlthough, JavaScript has no connectivity with Java programming language. The name was suggested and provided in the times when Java was gaining popularity in the market. In addition to web browsers, databases such as CouchDB and MongoDB uses JavaScript as their scripting and query language.\r\n\r\n', 'javascript.jpg', 'https://www.youtube.com/embed/DHjqpvDnNGE?si=QyqvYQBqfrdCLwOJ', 'https://take.quiz-maker.com/QWGA0LYK7', 'Jenu Patel', '2023-12-12', 4, 4, 'javascript, programming', '00:03:08'),
(4, 'What is PHP', 'PHP is an open-source, interpreted, and object-oriented scripting language that can be executed at the server-side. PHP is well suited for web development. Therefore, it is used to develop web applications (an application that executes on the server and generates the dynamic page.).', 'PHP was created by Rasmus Lerdorf in 1994 but appeared in the market in 1995. PHP 7.4.0 is the latest version of PHP, which was released on 28 November. Some important points need to be noticed about PHP are as followed:\r\n\r\nPHP stands for Hypertext Preprocessor.\r\nPHP is an interpreted language, i.e., there is no need for compilation.\r\nPHP is faster than other scripting languages, for example, ASP and JSP.\r\nPHP is a server-side scripting language, which is used to manage the dynamic content of the website.\r\nPHP can be embedded into HTML.\r\nPHP is an object-oriented language.\r\nPHP is an open-source scripting language.\r\nPHP is simple and easy to learn language.', 'php.jpg', 'https://www.youtube.com/embed/a7_WFUlFS94?si=Fngpev6udMntsHt-', 'https://take.quiz-maker.com/Q5UDNPZ5X', 'Kim Taehyung', '2023-11-22', 4, 3, 'php, programming', '00:03:08'),
(5, 'What is Java', 'Our core Java programming tutorial is designed for students and working professionals. Java is an object-oriented, class-based, concurrent, secured and general-purpose computer-programming language. It is a widely used robust technology.', 'Java is a programming language and a platform. Java is a high level, robust, object-oriented and secure programming language.\r\n\r\nJava was developed by Sun Microsystems (which is now the subsidiary of Oracle) in the year 1995. James Gosling is known as the father of Java. Before Java, its name was Oak. Since Oak was already a registered company, so James Gosling and his team changed the name from Oak to Java.\r\n\r\nPlatform: Any hardware or software environment in which a program runs, is known as a platform. Since Java has a runtime environment (JRE) and API, it is called a platform.', 'java.jpg', 'https://www.youtube.com/embed/mAtkPQO1FcA?si=4JYKZCvzG9u1te6B', 'https://take.quiz-maker.com/Q550Y9IF4', 'Park Jimin', '2023-12-25', 4, 2, 'java, programming', '00:03:08'),
(6, 'Introduction of English Language', 'nglish is a West Germanic language in the Indo-European language family, whose speakers, called Anglophones, originated in early medieval England. The namesake of the language is the Angles, one of the ancient Germanic peoples that migrated to the island of Great Britain.', '', 'english.jpg', 'https://www.youtube.com/embed/hQEeGqZxhgA?si=u884lR0SN4j20d_t', 'https://take.quiz-maker.com/Q550Y9IF4', '', '0000-00-00', 3, 16, 'english, language', '00:10:00'),
(7, 'Introducion of Korean Language', 'The Korean written language is properly called Hangul, although its English spelling is not always identical across sources. Korean was written with Chinese characters, but this was replaced by the hangul alphabet.', '', 'images/hangul.jpg', 'https://www.youtube.com/embed/KN4mysljHYc?si=RHtwl7RSLQVrU0I', 'https://take.quiz-maker.com/QBN1JFFYL', '', '0000-00-00', 3, 17, 'korean,hangul, language', '00:10:00'),
(8, 'Introduction of German Langugage', 'The German language is a West Germanic language spoken by 121 million native speakers and used by around 80 million non-native speakers. Combined, this makes the German language the tenth most spoken language worldwide.', '', 'german.jpg', 'https://www.youtube.com/embed/nf1rzqG3nvA?si=4Chu-uB4aEtzD79V', '', '', '0000-00-00', 3, 18, 'german, language', '00:10:00'),
(9, 'Introduction of French Language', 'French is a Romance language of the Indo-European family. It descended from the Vulgar Latin of the Roman Empire, as did all Romance languages. French evolved from Gallo-Romance, the Latin spoken in Gaul, and more specifically in Northern Gaul.', '', 'cat-french.png', 'https://www.youtube.com/embed/_4N46dVx9nE?si=cToEqbwUpU18VjRk', 'https://take.quiz-maker.com/QY5LJUQ5F', 'saiyad shehnaz s', '2024-01-05', 3, 19, '#French intro', '00:04:00'),
(10, 'Introduction of Sanskrit', 'Sanskrit is the oldest language of the world. Since Sanskrit literature has come down to us through oral tradition called the Shruti Parampara, the maximum number of works are in poetry only. Starting from the Rigveda, the earliest document in world literature, there is a continuous flow of Sanskrit works in poetry.', '', 'cat-sanskrit', 'https://www.youtube.com/embed/vsY7C5WF9qA?si=dMLraoUNlFyHmusl', 'https://take.quiz-maker.com/QOCGZ9JL3', 'prakash khant s', '2024-01-05', 3, 20, '#Sanskrit Intro', '00:06:00'),
(11, 'Introduction of Urdu Language', 'Urdu started developing in north India around Delhi in about the 12th century. It was based on the language spoken in the region around Delhi, and it was heavily influenced by Arabic and Persian, as well as Turkish.', '', 'cat-urdu', 'https://www.youtube.com/embed/Xx5Z61y4TVc?si=9S6to1GGd-0xFvEv', 'https://take.quiz-maker.com/QUUBLF136', 'saiyad shenaz s', '2024-01-05', 3, 21, '#Udu Intro', '00:02:00'),
(12, 'Mission Mangal', 'Based on true events of the Indian Space Research Organisation (ISRO) successfully launching the Mars Orbiter Mission (Mangalyaan), making it the least expensive mission to Mars.', '', 'mission-mangal.png', 'https://www.youtube.com/embed/yKykoz7xnDw?si=pc5_3MhaGIdwMXqE', '', 'saiyad shehnaz s', '2024-01-05', 1, 6, 'mission_mangal,space_world,ISRO heros,ISRO,', '02:47:04'),
(13, 'Khichadi', 'Khichdi: The Movie is a 2010 Indian comedy film, written and directed by Aatish Kapadia. It is the first film by Hats Off Productions and stars Anang Desai, Supriya Pathak, Rajeev Mehta, Nimisha Vakharia and Jamnadas Majethia in the lead roles.', '', 'khichdi.jpg', 'https://www.youtube.com/embed/omo3dv0cwmA?si=F7Z4MbBLhD_MNtzC', '', 'prakash khant s', '2024-01-05', 1, 6, 'Funny', '01:17:56'),
(14, 'Bhul Bhulaiya', 'Based on the legend of Manjulika, it follows Siddharth (Shiney Ahuja) and Avni (Vidya Balan), who return to India from the United Stated to stay in an ancestral home that may or may not be haunted.', '', 'bhulaiya.jfif', 'https://www.youtube.com/embed/jzYxbnHHhY4?si=a0eH270oyDJ_8qHf', '', 'patel jenish k', '2024-01-05', 1, 6, 'horror', '02:28:14'),
(15, 'King The Land', 'King the Land tells the story of Goo Won (Lee Jun-ho) who is the heir of The King Group, a luxury hotel conglomerate, who was thrown into an inheritance war, and Cheon Sa-rang (Im Yoon-ah), a hotelier who always has a smile on her face till she meets Goo Won.', '', 'king-land.jpg', 'https://www.youtube.com/embed/AGF16szMOmo?si=02iu-DWjwkb_D15W', '', 'saiyad shehnaz s', '2024-01-05', 1, 7, 'Romance', '00:01:30'),
(16, 'Titanic', 'Titanic, launched on May 31, 1911, and set sail on its maiden voyage from Southampton on April 10, 1912, with 2,240 passengers and crew on board. On April 15, 1912, after striking an iceberg, Titanic broke apart and sank to the bottom of the ocean, taking with it the lives of more than 1,500 passengers and crew.', '', 'titanic.jpg', 'https://www.youtube.com/embed/kVrqfYjkTdQ?si=8_w2kD7KMDRhe22i', '', 'prakash khant s', '2024-01-05', 1, 6, 'Romance', '02:32:22'),
(17, 'Python History', 'There is a fact behind choosing the name Python. Guido van Rossum was reading the script of a popular BBC comedy series \"Monty Python\'s Flying Circus\". It was late on-air 1970s.', 'Python laid its foundation in the late 1980s.\r\nThe implementation of Python was started in December 1989 by Guido Van Rossum at CWI in Netherland.\r\nIn February 1991, Guido Van Rossum published the code (labeled version 0.9.0) to alt.sources.\r\nIn 1994, Python 1.0 was released with new features like lambda, map, filter, and reduce.\r\nPython 2.0 added new features such as list comprehensions, garbage collection systems.\r\nOn December 3, 2008, Python 3.0 (also called \"Py3K\") was released. It was designed to rectify the fundamental flaw of the language.\r\nABC programming language is said to be the predecessor of Python language, which was capable of Exception Handling and interfacing with the Amoeba Operating System.\r\nThe following programming languages influence Python:\r\nABC language.\r\nModula-3', 'python-history', 'https://www.youtube.com/embed/1UzSDMJRh8c?si=AJrq2rvfih546vDG', 'https://take.quiz-maker.com/QGO90GN1P', 'saiyad shehnaz s', '2024-01-05', 4, 1, 'History,Evolution', '07:14:23'),
(18, 'Python Applications', 'Python is known for its general-purpose nature that makes it applicable in almost every domain of software development. Python makes its presence in every emerging field. It is the fastest-growing programming language and can develop any application.', 'Web Applications\r\nWe can use Python to develop web applications. It provides libraries to handle internet protocols such as HTML and XML, JSON, Email processing, request, beautifulSoup, Feedparser, etc. One of Python web-framework named Django is used on Instagram. Python provides many useful frameworks, and these are given below:\r\n\r\nDjango and Pyramid framework(Use for heavy applications)\r\nFlask and Bottle (Micro-framework)\r\nPlone and Django CMS (Advance Content management)\r\n2) Desktop GUI Applications\r\nThe GUI stands for the Graphical User Interface, which provides a smooth interaction to any application. Python provides a Tk GUI library to develop a user interface. Some popular GUI libraries are given below.\r\n\r\nTkinter or Tk\r\nwxWidgetM\r\nKivy (used for writing multitouch applications )\r\nPyQt or Pyside\r\n3) Console-based Application\r\nConsole-based applications run from the command-line or shell. These applications are computer program which are used commands to execute. This kind of application was more popular in the old generation of computers. Python can develop this kind of application very effectively. It is famous for having REPL, which means the Read-Eval-Print Loop that makes it the most suitable language for the command-line applications.\r\n\r\nPython provides many free library or module which helps to build the command-line apps. The necessary IO libraries are used to read and write. It helps to parse argument and create console help text out-of-the-box. There are also advance libraries that can develop independent console apps.\r\n\r\n4) Software Development\r\nPython is useful for the software development process. It works as a support language and can be used to build control and management, testing, etc.\r\n\r\nSCons is used to build control.\r\nBuildbot and Apache Gumps are used for automated continuous compilation and testing.\r\nRound or Trac for bug tracking and project management.\r\n5) Scientific and Numeric\r\nThis is the era of Artificial intelligence where the machine can perform the task the same as the human. Python language is the most suitable language for Artificial intelligence or machine learning. It consists of many scientific and mathematical libraries, which makes easy to solve complex calculations.\r\n\r\nImplementing machine learning algorithms require complex mathematical calculation. Python has many libraries for scientific and numeric such as Numpy, Pandas, Scipy, Scikit-learn, etc. If you have some basic knowledge of Python, you need to import libraries on the top of the code. Few popular frameworks of machine libraries are given below.\r\n\r\nSciPy\r\nScikit-learn\r\nNumPy\r\nPandas\r\nMatplotlib\r\n6) Business Applications\r\nBusiness Applications differ from standard applications. E-commerce and ERP are an example of a business application. This kind of application requires extensively, scalability and readability, and Python provides all these features.\r\n\r\nOddo is an example of the all-in-one Python-based application which offers a range of business applications. Python provides a Tryton platform which is used to develop the business application.\r\n\r\n7) Audio or Video-based Applications\r\nPython is flexible to perform multiple tasks and can be used to create multimedia applications. Some multimedia applications which are made by using Python are TimPlayer, cplay, etc. The few multimedia libraries are given below.\r\n\r\nGstreamer\r\nPyglet\r\nQT Phonon\r\n8) 3D CAD Applications\r\nThe CAD (Computer-aided design) is used to design engineering related architecture. It is used to develop the 3D representation of a part of a system. Python can create a 3D CAD application by using the following functionalities.\r\n\r\nFandango (Popular )\r\nCAMVOX\r\nHeeksCNC\r\nAnyCAD\r\nRCAM\r\n9) Enterprise Applications\r\nPython can be used to create applications that can be used within an Enterprise or an Organization. Some real-time applications are OpenERP, Tryton, Picalo, etc.\r\n\r\n10) Image Processing Application\r\nPython contains many libraries that are used to work with the image. The image can be manipulated according to our requirements. Some libraries of image processing are given below.\r\n\r\nOpenCV\r\nPillow\r\nSimpleITK', 'python-applications.png', 'https://www.youtube.com/embed/Ufuvwov6Wfw?si=hFV7iaVzOaDo4aIF', 'https://take.quiz-maker.com/QBN1JFBYL', 'saiyad shehnaz s.', '2024-01-05', 4, 1, 'Applications', '10:40:23'),
(19, 'python variables', 'A variable is the name given to a memory location. A value-holding Python variable is also known as an identifier', 'Since Python is an infer language that is smart enough to determine the type of a variable, we do not need to specify its type in Python.\r\n\r\nVariable names must begin with a letter or an underscore, but they can be a group of both letters and digits.\r\n\r\nThe name of the variable should be written in lowercase. Both Rahul and rahul are distinct variables.\r\n\r\nIdentifier Naming\r\nIdentifiers are things like variables. An Identifier is utilized to recognize the literals utilized in the program. The standards to name an identifier are given underneath.\r\n\r\nThe variable\'s first character must be an underscore or alphabet (_).\r\nEvery one of the characters with the exception of the main person might be a letter set of lower-case(a-z), capitalized (A-Z), highlight, or digit (0-9).\r\nWhite space and special characters (!, @, #, %, etc.) are not allowed in the identifier name. ^, &, *).\r\nIdentifier name should not be like any watchword characterized in the language.\r\nNames of identifiers are case-sensitive; for instance, my name, and MyName isn\'t something very similar.\r\nExamples of valid identifiers: a123, _n, n_9, etc.\r\nExamples of invalid identifiers: 1a, n%4, n 9, etc.\r\nDeclaring Variable and Assigning Values\r\nPython doesn\'t tie us to pronounce a variable prior to involving it in the application. It permits us to make a variable at the necessary time.\r\nIn Python, we don\'t have to explicitly declare variables. The variable is declared automatically whenever a value is added to it.\r\nThe equal (=) operator is utilized to assign worth to a variable.\r\nObject References\r\nWhen we declare a variable, it is necessary to comprehend how the Python interpreter works. Compared to a lot of other programming languages, the procedure for dealing with variables is a little different.\r\n\r\nPython is the exceptionally object-arranged programming language; Because of this, every data item is a part of a particular class. Think about the accompanying model.', 'python-variable.png\r\n', 'https://www.youtube.com/embed/cQT33yu9pY8?si=DIMUru90_QmlLf2v', 'https://take.quiz-maker.com/QET4T2U5G', 'saiyad shehnaz s', '2024-01-05', 4, 1, 'Variables', '10:00:34'),
(20, 'python Data types', 'Every value has a datatype, and variables can hold values. Python is a powerfully composed language; consequently, we don\'t have to characterize the sort of variable while announcing it. The interpreter binds the value implicitly to its type', 'We did not specify the type of the variable a, which has the value five from an integer. The Python interpreter will automatically interpret the variable as an integer.\r\n\r\nWe can verify the type of the program-used variable thanks to Python. The type() function in Python returns the type of the passed variable.\r\nStandard data types\r\nA variable can contain a variety of values. On the other hand, a person\'s id must be stored as an integer, while their name must be stored as a string.\r\n\r\nThe storage method for each of the standard data types that Python provides is specified by Python. The following is a list of the Python-defined data types.\r\n\r\nNumbers\r\nSequence Type\r\nBoolean\r\nSet\r\nDictionary\r\nNumbers\r\nNumeric values are stored in numbers. The whole number, float, and complex qualities have a place with a Python Numbers datatype. Python offers the type() function to determine a variable\'s data type. The instance () capability is utilized to check whether an item has a place with a specific class.\r\nSequence Type\r\nString\r\nThe sequence of characters in the quotation marks can be used to describe the string. A string can be defined in Python using single, double, or triple quotes.\r\n\r\nString dealing with Python is a direct undertaking since Python gives worked-in capabilities and administrators to perform tasks in the string.\r\n\r\nWhen dealing with strings, the operation \"hello\"+\" python\" returns \"hello python,\" and the operator + is used to combine two strings.\r\n\r\nBecause the operation \"Python\" *2 returns \"Python,\" the operator * is referred to as a repetition operator.\r\nList\r\nLists in Python are like arrays in C, but lists can contain data of different types. The things put away in the rundown are isolated with a comma (,) and encased inside square sections [].\r\n\r\nTo gain access to the list\'s data, we can use slice [:] operators. Like how they worked with strings, the list is handled by the concatenation operator (+) and the repetition operator (*).\r\nTuple\r\nIn many ways, a tuple is like a list. Tuples, like lists, also contain a collection of items from various data types. A parenthetical space () separates the tuple\'s components from one another.\r\n\r\nBecause we cannot alter the size or value of the items in a tuple, it is a read-only data structure.\r\nDictionary\r\nA dictionary is a key-value pair set arranged in any order. It stores a specific value for each key, like an associative array or a hash table. Value is any Python object, while the key can hold any primitive data type.\r\n\r\nThe comma (,) and the curly braces are used to separate the items in the dictionary.\r\nBoolean\r\nTrue and False are the two default values for the Boolean type. These qualities are utilized to decide the given assertion valid or misleading. The class book indicates this. False can be represented by the 0 or the letter \"F,\" while true can be represented by any value that is not zero.\r\nSet\r\nThe data type\'s unordered collection is Python Set. It is iterable, mutable(can change after creation), and has remarkable components. The elements of a set have no set order; It might return the element\'s altered sequence. Either a sequence of elements is passed through the curly braces and separated by a comma to create the set or the built-in function set() is used to create the set. It can contain different kinds of values.\r\n\r\n', 'python-data-types.png', 'https://www.youtube.com/embed/w_jm4xfXvuE?si=hO3ubu19bY8jnA8L', 'https://take.quiz-maker.com/QFYY25U62', 'saiyad shehnaz s', '2024-01-05', 4, 1, 'Datatypes', '00:04:22'),
(21, 'Python Keywords', 'Every scripting language has designated words or keywords, with particular definitions and usage guidelines. Python is no exception. The fundamental constituent elements of any Python program are Python keywords.', 'Python keywords are unique words reserved with defined meanings and functions that we can only apply for those functions. You\'ll never need to import any keyword into your program because they\'re permanently present.\r\n\r\nPython\'s built-in methods and classes are not the same as the keywords. Built-in methods and classes are constantly present; however, they are not as limited in their application as keywords.\r\n\r\nAssigning a particular meaning to Python keywords means you can\'t use them for other purposes in our code. You\'ll get a message of Syntax Error if you attempt to do the same. If you attempt to assign anything to a built-in method or type, you will not receive a Syntax Error message; however, it is still not a smart idea.\r\nHow to Identify Python Keywords\r\nPython\'s keyword collection has evolved as new versions were introduced. The await and async keywords, for instance, were not introduced till Python 3.7. Also, in Python 2.7, the words print and exec constituted keywords; however, in Python 3+, they were changed into built-in methods and are no longer part of the set of keywords. In the paragraphs below, you\'ll discover numerous methods for determining whether a particular word in Python is a keyword or not.\r\n\r\nWrite Code on a Syntax Highlighting IDE\r\nThere are plenty of excellent Python IDEs available. They\'ll all highlight keywords to set them apart from the rest of the terms in the code. This facility will assist you in immediately identifying Python keywords during coding so that you do not misuse them.\r\n\r\nVerify Keywords with Script in a REPL\r\nThere are several ways to detect acceptable Python keywords plus know further regarding them in the Python REPL.\r\n\r\nLook for a SyntaxError\r\nLastly, if you receive a SyntaxError when attempting to allocate to it, name a method with it, or do anything else with that, and it isn\'t permitted, it\'s probably a keyword. This one is somewhat more difficult to see, but it is still a technique for Python to tell you if you\'re misusing a keyword.\r\n\r\nPython Keywords and Their Usage\r\nThe following sections categorize Python keywords under the headings based on their frequency of use. The first category, for instance, includes all keywords utilized as values, whereas the next group includes keywords employed as operators. These classifications will aid in understanding how keywords are employed and will assist you in arranging the huge collection of Python keywords.\r\n\r\nA few terms mentioned in the segment following may be unfamiliar to you. They\'re explained here, and you must understand what they mean before moving on:\r\nThe Boolean assessment of a variable is referred to as truthfulness. A value\'s truthfulness reveals if the value of the variable is true or false.\r\nIn the Boolean paradigm, truth refers to any variable that evaluates to true. Pass an item as an input to bool() to see if it is true. If True is returned, the value of the item is true. Strings and lists which are not empty, non-zero numbers, and many other objects are illustrations of true values.\r\n\r\nFalse refers to any item in a Boolean expression that returns false. Pass an item as an input to bool() to see if it is false. If False is returned, the value of the item is false. Examples of false values are \" \", 0, { }, and [ ].\r\n\r\nValue Keywords: True, False, None\r\nThree Python keywords are employed as values in this example. These are singular values, which we can reuse indefinitely and every time correspond to the same entity. These values will most probably be seen and used frequently.\r\n\r\nThe Keywords True and False\r\n\r\nThese keywords are typed in lowercase in conventional computer languages (true and false); however, they are typed in uppercase in Python every time. In Python script, the True Python keyword represents the Boolean true state. False is a keyword equivalent to True, except it has the negative Boolean state of false.\r\n\r\nTrue and False are those keywords that can be allocated to variables or parameters and are compared directly.\r\nIteration Keywords: for, while, break, continue\r\nThe iterative process and looping are essential programming fundamentals. To generate and operate with loops, Python has multiple keywords. These would be utilized and observed in almost every Python program. Knowing how to use them correctly can assist you in becoming a better Python developer.\r\n\r\nThe for Keyword\r\n\r\nThe for loop is by far the most popular loop in Python. It\'s built by blending two Python keywords. They are for and in, as previously explained.\r\n\r\nThe while Keyword\r\n\r\nPython\'s while loop employs the term while and functions similarly to other computer languages\' while loops. The block after the while phrase will be repeated repeatedly until the condition following the while keyword is false.\r\n\r\nThe break Keyword\r\n\r\nIf you want to quickly break out of a loop, employ the break keyword. We can use this keyword in both for and while loops.\r\n\r\nThe continue Keyword\r\n\r\nYou can use the continue Python keyword if you wish to jump to the subsequent loop iteration. The continue keyword, as in many other computer languages, enables you to quit performing the present loop iteration and go on to the subsequent one.', 'python_keyw.png', 'https://www.youtube.com/embed/c_gnfezYobI?si=prCYGiVWhDA4ad8n', '', 'saiyad shehnaz s', '2024-01-05', 4, 1, 'keywords', '00:04:00'),
(22, 'Python Operators', 'he operator is a symbol that performs a specific operation between two operands, according to one definition. Operators serve as the foundation upon which logic is constructed in a program in a particular programming language. In every programming language, some operators perform several tasks.', 'Python also has some operators, and these are given below -\r\n\r\nArithmetic operators\r\nComparison operators\r\nAssignment Operators\r\nLogical Operators\r\nBitwise Operators\r\nMembership Operators\r\nIdentity Operators\r\nArithmetic Operators\r\nArithmetic Operators\r\nArithmetic operators used between two operands for a particular operation. There are many arithmetic operators. It includes the exponent (**) operator as well as the + (addition), - (subtraction), * (multiplication), / (divide), % (reminder), and // (floor division) operators.\r\nComparison operator\r\nComparison operators mainly use for comparison purposes. Comparison operators compare the values of the two operands and return a true or false Boolean value in accordance. The example of comparison operators are ==, !=, <=, >=, >, <. In the below table, we explain the works of the operators.\r\nAssignment Operators\r\nUsing the assignment operators, the right expression\'s value is assigned to the left operand. There are some examples of assignment operators like =, +=, -=, *=, %=, **=, //=\r\nBitwise Operators\r\nThe two operands\' values are processed bit by bit by the bitwise operators. The examples of Bitwise operators are bitwise OR (|), bitwise AND (&), bitwise XOR (^), negation (~), Left shift (<<), and Right shift (>>).\r\nLogical Operators\r\nThe assessment of expressions to make decisions typically uses logical operators. The examples of logical operators are and, or, and not. In the case of logical AND, if the first one is 0, it does not depend upon the second one. In the case of logical OR, if the first one is 1, it does not depend on the second one', 'python_opp.web file', 'https://www.youtube.com/embed/iyOVgQDkx1E?si=ssiuG9RQoEGNpc3Z', 'https://take.quiz-maker.com/QBXRY34GO', 'saiyad shehnaz s', '2024-01-05', 4, 1, 'operators', '00:11:47'),
(23, 'Introduction of Sentences', 'I\'m is an acronym for the word \'I AM.\' It is used to tell someone about yourself. It is used in combination with other words. You can also use it to describe something you are doing. I\'m is contraction of the word I am. Contraction is very common in english such as It\'s, You\'re, He\'s, I\'ve, let\'s, I\'ll, I\'d, don\'t, isn\'t, can\'t, doesn\'t, couldn\'t, what\'s, how\'s, that\'s, etc. I am and I\'m, both mean the same in any situation.', '', 'eng_sentence.jpg', 'https://www.youtube.com/embed/pD2M5sLr3CQ?si=qCPx1dwZROBkQqv2', 'https://take.quiz-maker.com/QUEBLF136', 'prakash khant s', '2024-01-05', 3, 16, 'sentences, real-world ,talkingsense', '00:05:41'),
(24, 'English Grammar', 'English grammar is the process by which meanings in the English language are conveyed into word choice.\"\r\n\r\nThe organization of words, phrases, clauses, sentences, and entire texts is included in it. Grammar is the process through which we organise words to form whole sentences.\r\n\r\nWord level grammar includes verb and tenses, nouns, adverbs, and so on. Sentence level grammar includes phrases, sentences, reported speech, and so on.', '', 'eng_grammer.png', 'https://www.youtube.com/embed/QdAgnyD4xhY?si=InJxGrQEZwGTZcbZ', 'https://take.quiz-maker.com/QCSHW6IXB', 'prakash khant s', '2024-01-05', 3, 16, 'Grammar', '01:15:41'),
(25, 'Satyaprem ki katha', 'Satyaprem \"Sattu\" Narayan is a happy-go-lucky young man who lives with his middle-class Gujarati family in Ahmedabad. He has failed his law degree and dreams of getting married to a beautiful girl but gets rejected by everyone due to him being jobless.', '', 'satyaprem.jpg', 'https://www.youtube.com/embed/8EPJiFfWRfw?si=2YYuDoWbUapdyR9x', '', 'jenish patel k', '2024-01-05', 1, 6, 'satyaprem', '00:04:41'),
(26, 'the king eternal monarch', 'The King: Eternal Monarch (Korean: ? ?: ??? ??) is a 2020 romantic-fantasy South Korean television series starring Lee Min-ho, Kim Go-eun, Woo Do-hwan, Kim Kyung-nam, Jung Eun-chae, and Lee Jung-jin.[5][6][7][8] Written by Kim Eun-sook and produced by Hwa&Dam Pictures and its parent company Studio Dragon, the series premiered on SBS TV and Netflix for the global audience on April 17, 2020.[9]\r\n\r\nSet in two parallel worlds, the series follows Emperor Lee Gon of the Kingdom of Korea, who discovers access to an alternate reality after crossing a mythical door opened by his half-uncle, Lee Lim, where the Republic of Korea exists in the Kingdom\'s stead and sets out to put an end to Lee Lim\'s atrocities and retrieve the other half of Manpasikjeok used as a portal between two worlds.', '', 'king_eternal.jpg', 'https://www.youtube.com/embed/4XegAjgl3zs?si=OVwQuLSU0HhV56Mx', '', 'jenish patel k', '2024-01-05', 1, 7, 'kingmonarch , lee', '00:05:41'),
(27, 'History of Java', 'The history of Java is very interesting. Java was originally designed for interactive television, but it was too advanced technology for the digital cable television industry at the time. The history of Java starts with the Green Team. Java team members (also known as Green Team), initiated this project to develop a language for digital devices such as set-top boxes, televisions, etc. However, it was best suited for internet programming. Later, Java technology was incorporated by Netscape.', 'The principles for creating Java programming were \"Simple, Robust, Portable, Platform-independent, Secured, High Performance, Multithreaded, Architecture Neutral, Object-Oriented, Interpreted, and Dynamic\". Java was developed by James Gosling, who is known as the father of Java, in 1995. James Gosling and his team members started the project in the early \'90s.\r\nCurrently, Java is used in internet programming, mobile devices, games, e-business solutions, etc. Following are given significant points that describe the history of Java.\r\n\r\n1) James Gosling, Mike Sheridan, and Patrick Naughton initiated the Java language project in June 1991. The small team of sun engineers called Green Team.\r\n\r\n2) Initially it was designed for small, embedded systems in electronic appliances like set-top boxes.\r\n\r\n3) Firstly, it was called \"Greentalk\" by James Gosling, and the file extension was .gt.\r\n\r\n4) After that, it was called Oak and was developed as a part of the Green project.\r\n\r\nWhy Java was named as \"Oak\"?\r\n5) Why Oak? Oak is a symbol of strength and chosen as a national tree of many countries like the U.S.A., France, Germany, Romania, etc.\r\n\r\n6) In 1995, Oak was renamed as \"Java\" because it was already a trademark by Oak Technologies.\r\n\r\nWhy Java Programming named \"Java\"?\r\n7) Why had they chose the name Java for Java language? The team gathered to choose a new name. The suggested words were \"dynamic\", \"revolutionary\", \"Silk\", \"jolt\", \"DNA\", etc. They wanted something that reflected the essence of the technology: revolutionary, dynamic, lively, cool, unique, and easy to spell, and fun to say.\r\n\r\nAccording to James Gosling, \"Java was one of the top choices along with Silk\". Since Java was so unique, most of the team members preferred Java than other names.\r\n\r\n8) Java is an island in Indonesia where the first coffee was produced (called Java coffee). It is a kind of espresso bean. Java name was chosen by James Gosling while having a cup of coffee nearby his office.\r\n\r\n9) Notice that Java is just a name, not an acronym.\r\n\r\n10) Initially developed by James Gosling at Sun Microsystems (which is now a subsidiary of Oracle Corporation) and released in 1995.\r\n\r\n11) In 1995, Time magazine called Java one of the Ten Best Products of 1995.\r\n\r\n12) JDK 1.0 was released on January 23, 1996. After the first release of Java, there have been many additional features added to the language. Now Java is being used in Windows applications, Web applications, enterprise applications, mobile applications, cards, etc. Each new version adds new features in Java.\r\nJava Version History\r\nMany java versions have been released till now. The current stable release of Java is Java SE 10.\r\n\r\nJDK Alpha and Beta (1995)\r\nJDK 1.0 (23rd Jan 1996)\r\nJDK 1.1 (19th Feb 1997)\r\nJ2SE 1.2 (8th Dec 1998)\r\nJ2SE 1.3 (8th May 2000)\r\nJ2SE 1.4 (6th Feb 2002)\r\nJ2SE 5.0 (30th Sep 2004)\r\nJava SE 6 (11th Dec 2006)\r\nJava SE 7 (28th July 2011)\r\nJava SE 8 (18th Mar 2014)\r\nJava SE 9 (21st Sep 2017)\r\nJava SE 10 (20th Mar 2018)\r\nJava SE 11 (September 2018)\r\nJava SE 12 (March 2019)\r\nJava SE 13 (September 2019)\r\nJava SE 14 (Mar 2020)\r\nJava SE 15 (September 2020)\r\nJava SE 16 (Mar 2021)\r\nJava SE 17 (September 2021)\r\nJava SE 18 (to be released by March 2022)\r\nSince Java SE 8 release, the Oracle corporation follows a pattern in which every even version is release in March month and an odd version released in September month.', 'history_java.jpg', 'https://www.youtube.com/embed/DcQPtlFlgzY?si=sDJzqSJ_gXyi4nty', 'https://take.quiz-maker.com/QY0LJUQ5F', 'prakash khant s', '2024-01-11', 4, 2, '#history', '00:02:02'),
(28, 'Features of Java', 'The primary objective of Java programming language creation was to make it portable, simple and secure programming language. Apart from this, there are also some excellent features which play an important role in the popularity of this language. The features of Java are also known as Java buzzwords', 'A list of the most important features of the Java language is given below.\r\n\r\nSimple\r\nObject-Oriented\r\nPortable\r\nPlatform independent\r\nSecured\r\nRobust\r\nArchitecture neutral\r\nInterpreted\r\nHigh Performance\r\nMultithreaded\r\nDistributed\r\nDynamic\r\nSimple\r\nJava is very easy to learn, and its syntax is simple, clean and easy to understand. According to Sun Microsystem, Java language is a simple programming language because:\r\n\r\nJava syntax is based on C++ (so easier for programmers to learn it after C++).\r\nJava has removed many complicated and rarely-used features, for example, explicit pointers, operator overloading, etc.\r\nThere is no need to remove unreferenced objects because there is an Automatic Garbage Collection in Java.\r\nObject-oriented\r\nJava is an object-oriented programming language. Everything in Java is an object. Object-oriented means we organize our software as a combination of different types of objects that incorporate both data and behavior.\r\n\r\nObject-oriented programming (OOPs) is a methodology that simplifies software development and maintenance by providing some rules.\r\n\r\nBasic concepts of OOPs are:\r\n\r\nObject\r\nClass\r\nInheritance\r\nPolymorphism\r\nAbstraction\r\nEncapsulation\r\nPlatform Independent\r\nJava is platform independent because it is different from other languages like C, C++, etc. which are compiled into platform specific machines while Java is a write once, run anywhere language. A platform is the hardware or software environment in which a program runs.\r\n\r\nThere are two types of platforms software-based and hardware-based. Java provides a software-based platform.\r\n\r\nThe Java platform differs from most other platforms in the sense that it is a software-based platform that runs on top of other hardware-based platforms. It has two components:\r\n\r\nRuntime Environment\r\nAPI(Application Programming Interface)\r\nJava code can be executed on multiple platforms, for example, Windows, Linux, Sun Solaris, Mac/OS, etc. Java code is compiled by the compiler and converted into bytecode. This bytecode is a platform-independent code because it can be run on multiple platforms, i.e., Write Once and Run Anywhere (WORA).', 'java_feature.png', 'https://www.youtube.com/embed/O5hShUO6wxs?si=KsLY2cOhQ6DXELlg', 'https://take.quiz-maker.com/QBNZN1OSA', 'prakash khant s', '2024-01-11', 4, 2, '#feature', '00:06:25'),
(29, 'What Are Tenses?', 'Explaining tenses, tense is a verb-based means of indicating the timing, and occasionally the continuance or completion, of an action or condition in connection to the period of speaking.\r\n\r\n', '', 'eng_tense.png', 'https://www.youtube.com/embed/97ZgXLQxkpU?si=kcOiErb-yDqXCBt1', 'https://take.quiz-maker.com/QBN1JF0YL', 'Patel jenish k', '2024-01-11', 3, 16, '#tenses,#past,#future,#present', '00:04:12'),
(30, 'Rules Of Tenses', 'English phrases or sentences are formed using tenses rules. There are three forms of tenses: present tense, past tense, and future tense. The past relates to what happened much before, the present tense relates to what is occurring now, and the future tense relates to what will happen after now. They essentially depict temporal elements based on the actual timing.', '', 'eng_tens_rule.png', 'https://www.youtube.com/embed/SEO9YPzSH-0?si=sblktUFvtCl_Z6R8', 'https://take.quiz-maker.com/QEP4T2U5G', 'Patel Jenish k', '2024-01-11', 3, 16, '#rules,#principles', '00:11:27'),
(31, 'php features', 'Performance:\r\n\r\nPHP script is executed much faster than those scripts which are written in other languages such as JSP and ASP. PHP uses its own memory, so the server workload and loading time is automatically reduced, which results in faster processing speed and better performance.', 'Open Source:\r\n\r\nPHP source code and software are freely available on the web. You can develop all the versions of PHP according to your requirement without paying any cost. All its components are free to download and use.\r\n\r\nFamiliarity with syntax:\r\n\r\nPHP has easily understandable syntax. Programmers are comfortable coding with it.\r\n\r\nEmbedded:\r\n\r\nPHP code can be easily embedded within HTML tags and script.\r\n\r\nPlatform Independent:\r\n\r\nPHP is available for WINDOWS, MAC, LINUX & UNIX operating system. A PHP application developed in one OS can be easily executed in other OS also.\r\n\r\nDatabase Support:\r\n\r\nPHP supports all the leading databases such as MySQL, SQLite, ODBC, etc.\r\n\r\nError Reporting -\r\n\r\nPHP has predefined error reporting constants to generate an error notice or warning at runtime. E.g., E_ERROR, E_WARNING, E_STRICT, E_PARSE.\r\n\r\nLoosely Typed Language:\r\n\r\nPHP allows us to use a variable without declaring its datatype. It will be taken automatically at the time of execution based on the type of data it contains on its value.\r\n\r\nWeb servers Support:\r\n\r\nPHP is compatible with almost all local servers used today like Apache, Netscape, Microsoft IIS, etc.\r\n\r\nSecurity:\r\n\r\nPHP is a secure language to develop the website. It consists of multiple layers of security to prevent threads and malicious attacks.\r\n\r\nControl:\r\n\r\nDifferent programming languages require long script or code, whereas PHP can do the same work in a few lines of code. It has maximum control over the websites like you can make changes easily whenever you want.\r\n\r\nA Helpful PHP Community:\r\n\r\nIt has a large community of developers who regularly updates documentation, tutorials, online help, and FAQs. Learning PHP from the communities is one of the significant benefits.', 'php_feature.png', 'https://www.youtube.com/embed/vSYnrbeUKL0?si=wYRqABQB77A-wy7D', '', 'prakash khant s', '2024-01-15', 4, 3, '#features', '00:11:00');
INSERT INTO `item` (`id`, `title`, `description`, `content`, `photopath`, `videopath`, `test_link`, `publish_by`, `publish_date`, `module_id`, `category`, `keywords`, `time`) VALUES
(32, 'php installation', 'To install PHP, we will suggest you to install AMP (Apache, MySQL, PHP) software stack. It is available for all operating systems. There are many AMP options available in the market that are given below:\r\n\r\nWAMP for Windows\r\nLAMP for Linux\r\nMAMP for Mac\r\nSAMP for Solaris\r\nFAMP for FreeBSD\r\nXAMPP (Cross, Apache, MySQL, PHP, Perl) for Cross Platform: It includes some other components too such as FileZilla, OpenSSL, Webalizer, Mercury Mail, etc.', 'If you are on Windows and don\'t want Perl and other features of XAMPP, you should go for WAMP. In a similar way, you may use LAMP for Linux and MAMP for Macintosh.\r\n\r\nDownload and Install WAMP Server\r\nClick me to download WAMP server\r\nDownload and Install LAMP Server\r\nClick me to download LAMP server\r\nDownload and Install MAMP Server\r\nClick me to download MAMP server\r\nDownload and Install XAMPP Server\r\nClick me to download XAMPP server\r\nHow to install XAMPP server on windows\r\nWe will learn how to install the XAMPP server on windows platform step by step. Follow the below steps and install the XAMPP server on your system.\r\n\r\nStep 1: Click on the above link provided to download the XAMPP server according to your window requirement.\r\nStep 2: After downloading XAMPP, double click on the downloaded file and allow XAMPP to make changes in your system. A window will pop-up, where you have to click on the Next button.\r\nStep 3: Here, select the components, which you want to install and click Next.\r\nStep 4: Choose a folder where you want to install the XAMPP in your system and click Next.\r\nPHP Laravel 5.6 - Rest API with PassportPHP compare datesPHP Registration FormPHP ternary operatorPHP basename() FunctionWhy do we need Interfaces in PHPfile_put_contents() Function in PHPIs_array() Function in PHPHow to Use PHP Serialize() and Unserialize() FunctionPHP Unset() vs Unlink() FunctionPHP 5 vs PHP 7PHP Imagearc() FunctionPHP Imagecharup() FunctionPHP Imagecolortransparent() FunctionPHP Imagechar() FunctionPHP Imagecreate() FunctionPHP Imagecolorallocate() FunctionPHP Image createtruecolor( ) FunctionPHP Imagestring() FunctionPHP ClassesFather of PHPget vs post method in PHPPHP append to arrayfpassthru() Function in PHPImagick::borderImage() method in PHPImagick rotateImage() FunctionImagick transposeImage() FunctionPHP ProjectsImagick floodFillPaintImage() FunctionImagick::charcoalImage() PHPImagick adaptiveBlurImage() FunctionImagick addImage() FunctionImagick addNoiseImage() FunctionPHP Type Casting and Conversion of an Object to an Object of other classPHP PEARPHP STR_CONTAINS()Multiple Inheritance in PHPWhat is a PHP DeveloperPHP ob_start() FunctionPHP BeautifierPHP imagepolygon() FunctionFree PHP Web HostingPHP AdminerPolymorphism in PHPPHP empty() FunctionWhat is PHP-FPMPHP STATIC VARIABLESPHP IDE and Code Editor SoftwarePHP file_get_contents() FunctionPHP sleep() FunctionPHP serverPHP GMP Functions Detail ReferencePHP gmp_abs() FunctionPHP gmp_add() FunctionPHP gmp_and()FunctionsPHP GMP gmp_clrbit() FunctionPHP GMP gmp_cmp() FunctionPHP GMP gmp_com() FunctionPHP gmp_div_q() FunctionPHP gmp_div_qr() FunctionPHP gmp_or() functionPHP gmp_divexact() FunctionPHP gmp_export() FunctionPHP gmp_fact() FunctionPHP gmp_gcd() FunctionPHP gmp_import() FunctionPHP gmp_intval() FunctionPHP gmp_invert() FunctionPHP gmp_jacobi() FunctionPHP gmp_legendre() FunctionPHP gmp_mod() FunctionPHP gmp_prob_prime() functionPHP gmp_random_bits() functionPHP gmp_random_range() functionPHP gmp_root() functionPHP gmp_rootrem() functionPHP gmp_random_seed() functionPHP gmp_scan0() functionPHP gmp_scan1() functionPHP gmp_setbit() functionPHP GMP gmp_testbit() FunctionPHP gmp_random() functionPHP gmp_xor() functionHow to create html table with a while loop in PHPHow to Encrypt or Decrypt a String in PHP\r\nPHP Mail\r\nPHP Mail\r\nPHP MySQLi\r\nMySQLi CONNECTMySQLi CREATE DBMySQLi CREATE TableMySQLi INSERTMySQLi UPDATEMySQLi DELETEMySQLi SELECTMySQLi Order by\r\nPHP JSON\r\nPHP JSON Example\r\nPHP OOPs Concepts\r\nOOPs ConceptsOOPs Abstract ClassOOPs AbstractionOOPs Access SpecifiersOOPs Const KeywordOOPs ConstructorOOPs DestructorAbstract vs Class vs InterfaceEncapsulationFinal KeywordOOPs FunctionsOOPs InheritanceOOPs InterfaceOOPs OverloadingOOPs Type Hinting\r\nPHP Topics\r\nCompound TypesPHP FloatPHP Integeris_null() FunctionPHP BooleanSpecial TypesInheritance TaskSpecial TypesPHP EncryptionTwo-way EncryptionHeredoc Syntax\r\nPHP MCQ\r\nPHP MCQ\r\nRelated Tutorials\r\nMySQL TutorialWordPress TutorialCodeIgniter TutorialYII TutorialLaravel TutorialMagento 2 Tutorial\r\nInterview Questions\r\nPHP InterviewWordPress InterviewJoomla InterviewDrupal InterviewJavaTpoint\r\nNext ?? Prev\r\nInstall PHP\r\nTo install PHP, we will suggest you to install AMP (Apache, MySQL, PHP) software stack. It is available for all operating systems. There are many AMP options available in the market that are given below:\r\n\r\nWAMP for Windows\r\nLAMP for Linux\r\nMAMP for Mac\r\nSAMP for Solaris\r\nFAMP for FreeBSD\r\nXAMPP (Cross, Apache, MySQL, PHP, Perl) for Cross Platform: It includes some other components too such as FileZilla, OpenSSL, Webalizer, Mercury Mail, etc.\r\nIf you are on Windows and don\'t want Perl and other features of XAMPP, you should go for WAMP. In a similar way, you may use LAMP for Linux and MAMP for Macintosh.\r\n\r\nDownload and Install WAMP Server\r\nClick me to download WAMP server\r\nDownload and Install LAMP Server\r\nClick me to download LAMP server\r\nDownload and Install MAMP Server\r\nClick me to download MAMP server\r\nDownload and Install XAMPP Server\r\nClick me to download XAMPP server\r\nHow to install XAMPP server on windows\r\nWe will learn how to install the XAMPP server on windows platform step by step. Follow the below steps and install the XAMPP server on your system.\r\n\r\nStep 1: Click on the above link provided to download the XAMPP server according to your window requirement.\r\n\r\nInstall PHP\r\nStep 2: After downloading XAMPP, double click on the downloaded file and allow XAMPP to make changes in your system. A window will pop-up, where you have to click on the Next button.\r\n\r\nInstall PHP\r\nStep 3: Here, select the components, which you want to install and click Next.\r\n\r\nInstall PHP\r\nStep 4: Choose a folder where you want to install the XAMPP in your system and click Next.\r\n\r\nInstall PHP\r\nStep 5: Click Next and move ahead.\r\nStep 6: XAMPP is ready to install, so click on the Next button and install the XAMPP.\r\nStep 7: A finish window will display after successful installation. Click on the Finish button\r\nStep 8: Choose your preferred language.\r\nStep 9: XAMPP is ready to use. Start the Apache server and MySQL and run the php program on the localhost.', 'php_install.png', 'https://www.youtube.com/embed/4qCC23ib06A?si=DlZCkwJ4Ibxm0tdl', '', 'prakash khant s', '2024-01-15', 4, 3, '#installation', '00:06:00'),
(33, 'Features of JavaScript', 'All popular web browsers support JavaScript as they provide built-in execution environments.', 'There are following features of JavaScript:\r\n\r\nAll popular web browsers support JavaScript as they provide built-in execution environments.\r\nJavaScript follows the syntax and structure of the C programming language. Thus, it is a structured programming language.\r\nJavaScript is a weakly typed language, where certain types are implicitly cast (depending on the operation).\r\nJavaScript is an object-oriented programming language that uses prototypes rather than using classes for inheritance.\r\nIt is a light-weighted and interpreted language.\r\nIt is a case-sensitive language.\r\nJavaScript is supportable in several operating systems including, Windows, macOS, etc.\r\nIt provides good control to the users over the web browsers.', 'javascript_features.jpg', 'https://www.youtube.com/embed/q1fsBWLpYW4?si=IqsrY-NZFtZuaSYE', '', 'prakash khant s', '2024-01-15', 4, 4, '#features', '00:08:31'),
(34, 'History of JavaScript', 'In 1993, Mosaic, the first popular web browser, came into existence. In the year 1994, Netscape was founded by Marc Andreessen. He realized that the web needed to become more dynamic', 'In 1993, Mosaic, the first popular web browser, came into existence. In the year 1994, Netscape was founded by Marc Andreessen. He realized that the web needed to become more dynamic. Thus, a \'glue language\' was believed to be provided to HTML to make web designing easy for designers and part-time programmers. Consequently, in 1995, the company recruited Brendan Eich intending to implement and embed Scheme programming language to the browser. But, before Brendan could start, the company merged with Sun Microsystems for adding Java into its Navigator so that it could compete with Microsoft over the web technologies and platforms. Now, two languages were there: Java and the scripting language. Further, Netscape decided to give a similar name to the scripting language as Java\'s. It led to \'Javascript\'. Finally, in May 1995, Marc Andreessen coined the first code of Javascript named \'Mocha\'. Later, the marketing team replaced the name with \'LiveScript\'. But, due to trademark reasons and certain other reasons, in December 1995, the language was finally renamed to \'JavaScript\'. From then, JavaScript came into existence.', 'javascript_history.webp', 'https://www.youtube.com/embed/ZSAfo_RfuBo?si=WSlZGoF6l9HjSShD', '', 'prakash khant s', '2024-01-15', 4, 4, '#histroy', '00:07:00'),
(35, 'JavaScript Comment', 'The JavaScript comments are meaningful way to deliver message. It is used to add information about the code, warnings or suggestions so that end user can easily interpret the code', 'The JavaScript comment is ignored by the JavaScript engine i.e. embedded in the browser.\r\n\r\nAdvantages of JavaScript comments\r\nThere are mainly two advantages of JavaScript comments.\r\n\r\nTo make code easy to understand It can be used to elaborate the code so that end user can easily understand the code.\r\nTo avoid the unnecessary code It can also be used to avoid the code being executed. Sometimes, we add the code to perform some action. But after sometime, there may be need to disable the code. In such case, it is better to use comments.\r\nTypes of JavaScript Comments\r\nThere are two types of comments in JavaScript.\r\n\r\nSingle-line Comment\r\nMulti-line Comment\r\nJavaScript Single line Comment\r\nIt is represented by double forward slashes (//). It can be used before and after the statement.\r\nJavaScript Multi line Comment\r\nIt can be used to add single as well as multi line comments. So, it is more convenient.', 'javascript_comment.jpg', 'https://www.youtube.com/embed/SLxyizaN8X4?si=cZuf-aIzcREkJLMJ', '', 'jenish patel k', '2024-01-15', 4, 4, '#comment', '00:03:21'),
(36, 'German Language grammer', 'If only you could learn German by just memorising translations of words  why isn\'t language learning that simple?\r\n\r\nWell, the reason is, every language uses different grammar rules to build sentences. Grammar is the framework that creates the structure of every sentence.', 'German sentences appear to follow some sort of jumbled English grammar. So how do you know where to place those nouns, adverbs, adjectives, and verbs?\r\n\r\nGerman grammar is actually simpler than you might imagine. (Despite what the Grammar Villain would have you believe). And by focusing your efforts on the most important rules, like the ones you\'ll discover in this post, you\'ll save time and energy. And start expressing yourself in German sooner.\r\n\r\nBy the way, if you want to learn German fast and have fun while doing it, my top recommendation is German Uncovered which teaches you through StoryLearning.', 'german_grammer.jpg', 'https://www.youtube.com/embed/x-NiFYOgPwQ?si=lFhZPLPHw-dCMREM', '', 'saiyad shehnaz s', '2024-01-15', 3, 18, '#grammer', '00:06:02'),
(37, 'Unforgettable Love', 'He Qiaoyan (Wei Zheming), CEO of Heshi Group, and Qin Yiyue (Hu Yixuan), a child psychologist, start a contract marriage for Xiaobao (Sun Sicheng) at the beginning. But the rational, distant, indifferent CEO and the soft, optimistic, considerate, and meticulous psychologist finally fall in love with each other.', '', 'unforgoteble.jpg', 'https://www.youtube.com/embed/WYRboE95mEA?si=vnNxUfekhORy8sD9', '', 'saiyad shehnaz s', '2024-01-17', 1, 22, '#love,#unforgettable ', '00:40:39'),
(38, 'My Girlfriend is an Alien', 'The alien girl Chai Xiaoqi from \"Cape Town Planet\" meets the CEO Fang Leng, who suffers from \"heterosexual amnesia on rainy days\", accidentally loses her beacon, and is trapped on Earth.\r\n\r\nChai Xiaoqi is not only an alien but also an amazing girl who will fall into a \"boy crazy state\" once she inhales the hormones emitted by men on Earth.\r\n\r\nShe experiences all kinds of funny and hilarious encounters, which will perfectly restore the nymphomaniac girls psychology of flirting with men for the audience.\r\n\r\nIn order to survive on the earth, Chai Xiaoqi will also use her various superpowers to solve unexpected trouble one after another.\r\n\r\nFang Leng is a different kind of boss. Once it rains, he will forget the girls who appeared on his side. So he has a variety of hilarious \"battles of wits\" with the Chai Xiaoqi.', '', 'mgia.jpg', 'https://www.youtube.com/embed/4QcHHal-pt4?si=suh63c4ZDwn5mJbq', '', 'saiyad shehnaz s', '2024-01-17', 1, 22, '#alien,#love,#romanceofspace', '00:21:52'),
(39, 'Put Your Head on My Shoulder', '\"Put Your Head on My Shoulder\" is a Chinese romantic drama that revolves around the lives of two individuals, Si Tu Mo and Gu Wei Yi, as they navigate the complexities of love, friendship, and personal growth. Set against the backdrop of a university campus, the series unfolds the endearing journey of these two characters who find themselves entangled in a web of emotions.\r\n\r\nSi Tu Mo, a cheerful and ambitious young woman, is focused on her studies and career aspirations. However, her life takes an unexpected turn when she finds herself living under the same roof as Gu Wei Yi, an intelligent but emotionally reserved engineering student. As the two opposites attract, their undeniable chemistry sparks a series of humorous and heartwarming moments.\r\n\r\nThe drama explores the nuances of relationships, highlighting the challenges and joys of falling in love for the first time. With a mix of lighthearted humor and touching moments, \"Put Your Head on My Shoulder\" invites viewers to join the characters on their journey of self-discovery, love, and the pursuit of happiness. As Si Tu Mo and Gu Wei Yi navigate the ups and downs of romance, the series beautifully captures the essence of youthful exuberance and the transformative power of love.', '', 'pyhoms.jpg', 'https://www.youtube.com/embed/FJNqLXmtGKU?si=t04qlrvqL27GfsjP', '', 'saiyad shehnaz s', '2024-01-17', 1, 22, '#love,#romance,#science', '00:42:53');

-- --------------------------------------------------------

--
-- Table structure for table `modules`
--

CREATE TABLE `modules` (
  `mid` int(11) NOT NULL,
  `module_name` varchar(30) NOT NULL,
  `photo` varchar(30) NOT NULL
) ENGINE=InnoDB DEFAULT CHARSET=utf8mb4 COLLATE=utf8mb4_general_ci;

--
-- Dumping data for table `modules`
--

INSERT INTO `modules` (`mid`, `module_name`, `photo`) VALUES
(1, 'Entertaintment', ''),
(2, 'Blog', ''),
(3, 'Languages', ''),
(4, 'Programming Languages', ''),
(5, 'Photo Gallery', '');

-- --------------------------------------------------------

--
-- Table structure for table `review`
--

CREATE TABLE `review` (
  `flc_id` int(11) NOT NULL,
  `comment` text NOT NULL,
  `liked` tinyint(1) NOT NULL,
  `item_id` int(11) NOT NULL,
  `uid` int(11) NOT NULL
) ENGINE=InnoDB DEFAULT CHARSET=latin1 COLLATE=latin1_swedish_ci;

-- --------------------------------------------------------

--
-- Table structure for table `userdetails`
--

CREATE TABLE `userdetails` (
  `uid` int(11) NOT NULL,
  `username` varchar(20) NOT NULL,
  `fullname` varchar(20) NOT NULL,
  `password` varchar(20) NOT NULL,
  `email` varchar(20) NOT NULL,
  `phone` int(11) NOT NULL,
  `gender` varchar(6) NOT NULL
) ENGINE=InnoDB DEFAULT CHARSET=utf8mb4 COLLATE=utf8mb4_general_ci;

--
-- Dumping data for table `userdetails`
--

INSERT INTO `userdetails` (`uid`, `username`, `fullname`, `password`, `email`, `phone`, `gender`) VALUES
(1, 'prakash', '', '123', '', 0, ''),
(2, 'kishan', '', '123', '', 0, ''),
(3, 'khant', 'kishan', '123', 'khan', 123, 'none'),
(4, 'khant', 'kishan', '123', 'khan', 123, 'none'),
(5, 'shizu', 'shehnaz', '123', 's@123', 1234, 'female');

--
-- Indexes for dumped tables
--

--
-- Indexes for table `category`
--
ALTER TABLE `category`
  ADD PRIMARY KEY (`cat_id`),
  ADD KEY `forgin` (`mid`);

--
-- Indexes for table `item`
--
ALTER TABLE `item`
  ADD PRIMARY KEY (`id`),
  ADD KEY `module_id` (`module_id`),
  ADD KEY `categories` (`category`),
  ADD KEY `category` (`category`) USING BTREE;

--
-- Indexes for table `modules`
--
ALTER TABLE `modules`
  ADD PRIMARY KEY (`mid`);

--
-- Indexes for table `review`
--
ALTER TABLE `review`
  ADD PRIMARY KEY (`flc_id`),
  ADD KEY `forign key` (`uid`),
  ADD KEY `item_id` (`item_id`);

--
-- Indexes for table `userdetails`
--
ALTER TABLE `userdetails`
  ADD PRIMARY KEY (`uid`);

--
-- AUTO_INCREMENT for dumped tables
--

--
-- AUTO_INCREMENT for table `category`
--
ALTER TABLE `category`
  MODIFY `cat_id` int(11) NOT NULL AUTO_INCREMENT, AUTO_INCREMENT=23;

--
-- AUTO_INCREMENT for table `item`
--
ALTER TABLE `item`
  MODIFY `id` int(20) NOT NULL AUTO_INCREMENT, AUTO_INCREMENT=41;

--
-- AUTO_INCREMENT for table `modules`
--
ALTER TABLE `modules`
  MODIFY `mid` int(11) NOT NULL AUTO_INCREMENT, AUTO_INCREMENT=8;

--
-- AUTO_INCREMENT for table `review`
--
ALTER TABLE `review`
  MODIFY `flc_id` int(11) NOT NULL AUTO_INCREMENT;

--
-- AUTO_INCREMENT for table `userdetails`
--
ALTER TABLE `userdetails`
  MODIFY `uid` int(11) NOT NULL AUTO_INCREMENT, AUTO_INCREMENT=6;

--
-- Constraints for dumped tables
--

--
-- Constraints for table `category`
--
ALTER TABLE `category`
  ADD CONSTRAINT `category_ibfk_1` FOREIGN KEY (`mid`) REFERENCES `modules` (`mid`);

--
-- Constraints for table `item`
--
ALTER TABLE `item`
  ADD CONSTRAINT `item_ibfk_1` FOREIGN KEY (`module_id`) REFERENCES `modules` (`mid`),
  ADD CONSTRAINT `item_ibfk_2` FOREIGN KEY (`category`) REFERENCES `category` (`cat_id`);

--
-- Constraints for table `review`
--
ALTER TABLE `review`
  ADD CONSTRAINT `review_ibfk_1` FOREIGN KEY (`uid`) REFERENCES `userdetails` (`uid`),
  ADD CONSTRAINT `review_ibfk_2` FOREIGN KEY (`item_id`) REFERENCES `item` (`id`);
COMMIT;

/*!40101 SET CHARACTER_SET_CLIENT=@OLD_CHARACTER_SET_CLIENT */;
/*!40101 SET CHARACTER_SET_RESULTS=@OLD_CHARACTER_SET_RESULTS */;
/*!40101 SET COLLATION_CONNECTION=@OLD_COLLATION_CONNECTION */;
