-- phpMyAdmin SQL Dump
-- version 5.2.1
-- https://www.phpmyadmin.net/
--
-- Host: 127.0.0.1
-- Generation Time: Mar 06, 2024 at 08:25 AM
-- Server version: 10.4.32-MariaDB
-- PHP Version: 8.0.30

SET SQL_MODE = "NO_AUTO_VALUE_ON_ZERO";
START TRANSACTION;
SET time_zone = "+00:00";


/*!40101 SET @OLD_CHARACTER_SET_CLIENT=@@CHARACTER_SET_CLIENT */;
/*!40101 SET @OLD_CHARACTER_SET_RESULTS=@@CHARACTER_SET_RESULTS */;
/*!40101 SET @OLD_COLLATION_CONNECTION=@@COLLATION_CONNECTION */;
/*!40101 SET NAMES utf8mb4 */;

--
-- Database: `nexushub`
--

-- --------------------------------------------------------

--
-- Table structure for table `category`
--

CREATE TABLE `category` (
  `cat_id` int(11) NOT NULL,
  `cat_name` varchar(50) NOT NULL,
  `mid` int(11) NOT NULL,
  `cat_photo` varchar(30) NOT NULL
) ENGINE=InnoDB DEFAULT CHARSET=utf8mb4 COLLATE=utf8mb4_general_ci;

--
-- Dumping data for table `category`
--

INSERT INTO `category` (`cat_id`, `cat_name`, `mid`, `cat_photo`) VALUES
(1, 'Python', 4, 'python.png'),
(2, 'Java', 4, 'java.png'),
(3, 'PHP', 4, 'php.png'),
(4, 'Java Script', 4, 'js.png'),
(5, 'Android', 4, 'android.png'),
(6, 'Bollywood', 1, 'bollywood_cat.png'),
(7, 'Drama', 1, 'drama_cat.png'),
(8, 'Web Series', 1, 'web_series_cat.png'),
(9, 'Hollywood', 1, 'hollywood_cat.jpg'),
(10, 'Kids', 1, 'kids_cat'),
(11, 'K-movies', 1, ''),
(12, 'Japanese-Drama', 1, ''),
(13, 'Traveling', 2, 'travelling_cat.png'),
(14, 'Food', 2, 'food_cat.jpg'),
(15, 'Science', 2, 'science_cat.png'),
(16, 'Engish(lang)', 3, 'cat-english.png'),
(17, 'Korean(lang)', 3, 'cat-korean.png'),
(18, 'German(lang)', 3, 'cat-german.png'),
(19, 'French', 3, 'cat-french.png'),
(20, 'Sanskirt', 3, 'cat-sanskrit.png'),
(21, 'Urdu', 3, 'cat-urdu.png'),
(22, 'Chinese-drama', 1, ''),
(23, '3d', 5, '3d_cat.jpg'),
(24, 'Architacture', 5, 'architacture_cat.jpg'),
(25, 'Scenario', 5, 'scinirio_cat.png'),
(26, 'Animies', 5, 'anime_cat.jpg'),
(27, 'Health & Wellness', 2, 'health_cat.jpg'),
(28, 'Sports', 2, 'sports_cat.png');

-- --------------------------------------------------------

--
-- Table structure for table `item`
--

CREATE TABLE `item` (
  `id` int(20) NOT NULL,
  `title` varchar(50) NOT NULL,
  `description` text NOT NULL,
  `content` text NOT NULL,
  `photopath` text NOT NULL,
  `videopath` text NOT NULL,
  `test_link` text NOT NULL,
  `publish_by` text NOT NULL,
  `publish_date` date NOT NULL,
  `module_id` int(11) NOT NULL,
  `category` int(50) NOT NULL,
  `keywords` varchar(50) NOT NULL,
  `time` time NOT NULL
) ENGINE=InnoDB DEFAULT CHARSET=latin1 COLLATE=latin1_swedish_ci;

--
-- Dumping data for table `item`
--

INSERT INTO `item` (`id`, `title`, `description`, `content`, `photopath`, `videopath`, `test_link`, `publish_by`, `publish_date`, `module_id`, `category`, `keywords`, `time`) VALUES
(1, 'What is Python', 'Python is a simple, general purpose, high level, and object-oriented programming language.', 'Python is a general-purpose, dynamic, high-level, and interpreted programming language. It supports Object Oriented programming approach to develop applications. It is simple and easy to learn and provides lots of high-level data structures.\r\n\r\nPython is an easy-to-learn yet powerful and versatile scripting language, which makes it attractive for Application Development.\r\n\r\nWith its interpreted nature, Python\'s syntax and dynamic typing make it an ideal language for scripting and rapid application development.\r\n\r\nPython supports multiple programming patterns, including object-oriented, imperative, and functional or procedural programming styles.\r\n\r\nPython is not intended to work in a particular area, such as web programming. It is a multipurpose programming language because it can be used with web, enterprise, 3D CAD, etc.\r\n\r\nWe don\'t need to use data types to declare variable because it is dynamically typed, so we can write a=10 to assign an integer value in an integer variable.\r\n\r\nPython makes development and debugging fast because no compilation step is included in Python development, and the edit-test-debug cycle is very fast.\r\n\r\nPython has many web-based assets, open-source projects, and a vibrant community. Learning the language, working together on projects, and contributing to the Python ecosystem are all made very easy for developers.\r\n\r\nBecause of its straightforward language framework, Python is easier to understand and write code in. This makes it a fantastic programming language for novices. Additionally, it assists seasoned programmers in writing clearer, error-free code.\r\n\r\nPython is an open-source, cost-free programming language. It is utilized in several sectors and disciplines as a result.\r\n\r\nIn Python, code readability and maintainability are important. As a result, even if the code was developed by someone else, it is easy to understand and adapt by some other developer.\r\n\r\nPython has many third-party libraries that can be used to make its functionality easier. These libraries cover many domains, for example, web development, scientific computing, data analysis, and more.', 'python.jpg', 'https://www.youtube.com/embed/Y8Tko2YC5hA?si=r6JewjoT4cLz6i_Q', 'https://take.quiz-maker.com/QP3VG0R6J', 'shizu', '2024-01-04', 4, 1, 'python,', '00:03:08'),
(2, 'What is Java', 'Java is a programming language and a platform. Java is a high level, robust, object-oriented and secure programming language.', 'Java was developed by Sun Microsystems (which is now the subsidiary of Oracle) in the year 1995. James Gosling is known as the father of Java. Before Java, its name was Oak. Since Oak was already a registered company, so James Gosling and his team changed the name from Oak to Java.', 'java.jpg', 'https://www.youtube.com/embed/NCoekcDxbrI?si=p6rS449oP7q_RpD6', 'https://take.quiz-maker.com/QZAH86CNB', 'prakash ', '2024-01-02', 4, 5, 'java, programming', '00:03:08'),
(3, 'What is JavaScript', 'JavaScript is an object-based scripting language which is lightweight and cross-platform.\r\n\r\nJavaScript is not a compiled language, but it is a translated language. The JavaScript Translator (embedded in the browser) is responsible for translating the JavaScript code for the web browser.', 'JavaScript (js) is a light-weight object-oriented programming language which is used by several websites for scripting the webpages. It is an interpreted, full-fledged programming language that enables dynamic interactivity on websites when applied to an HTML document. It was introduced in the year 1995 for adding programs to the webpages in the Netscape Navigator browser. Since then, it has been adopted by all other graphical web browsers. With JavaScript, users can build modern web applications to interact directly without reloading the page every time. The traditional website uses js to provide several forms of interactivity and simplicity.\r\n\r\nAlthough, JavaScript has no connectivity with Java programming language. The name was suggested and provided in the times when Java was gaining popularity in the market. In addition to web browsers, databases such as CouchDB and MongoDB uses JavaScript as their scripting and query language.\r\n\r\n', 'javascript.jpg', 'https://www.youtube.com/embed/DHjqpvDnNGE?si=QyqvYQBqfrdCLwOJ', 'https://take.quiz-maker.com/Q1XR4NZJO', 'jenu', '2023-12-12', 4, 4, 'javascript, programming', '00:03:08'),
(4, 'What is PHP', 'PHP is an open-source, interpreted, and object-oriented scripting language that can be executed at the server-side. PHP is well suited for web development. Therefore, it is used to develop web applications (an application that executes on the server and generates the dynamic page.).', 'PHP was created by Rasmus Lerdorf in 1994 but appeared in the market in 1995. PHP 7.4.0 is the latest version of PHP, which was released on 28 November. Some important points need to be noticed about PHP are as followed:\r\n\r\nPHP stands for Hypertext Preprocessor.\r\nPHP is an interpreted language, i.e., there is no need for compilation.\r\nPHP is faster than other scripting languages, for example, ASP and JSP.\r\nPHP is a server-side scripting language, which is used to manage the dynamic content of the website.\r\nPHP can be embedded into HTML.\r\nPHP is an object-oriented language.\r\nPHP is an open-source scripting language.\r\nPHP is simple and easy to learn language.', 'php.jpg', 'https://www.youtube.com/embed/a7_WFUlFS94?si=Fngpev6udMntsHt-', 'https://take.quiz-maker.com/QBEOF1V2A', 'jenish', '2023-11-22', 4, 3, 'php, programming', '00:03:08'),
(5, 'What is Java', 'Our core Java programming tutorial is designed for students and working professionals. Java is an object-oriented, class-based, concurrent, secured and general-purpose computer-programming language. It is a widely used robust technology.', 'Java is a programming language and a platform. Java is a high level, robust, object-oriented and secure programming language.\r\n\r\nJava was developed by Sun Microsystems (which is now the subsidiary of Oracle) in the year 1995. James Gosling is known as the father of Java. Before Java, its name was Oak. Since Oak was already a registered company, so James Gosling and his team changed the name from Oak to Java.\r\n\r\nPlatform: Any hardware or software environment in which a program runs, is known as a platform. Since Java has a runtime environment (JRE) and API, it is called a platform.', 'java.jpg', 'https://www.youtube.com/embed/mAtkPQO1FcA?si=4JYKZCvzG9u1te6B', 'https://take.quiz-maker.com/Q550Y9IF4', 'shizu', '2023-12-25', 4, 2, 'java, programming', '00:03:08'),
(6, 'Introduction of English Language', 'nglish is a West Germanic language in the Indo-European language family, whose speakers, called Anglophones, originated in early medieval England. The namesake of the language is the Angles, one of the ancient Germanic peoples that migrated to the island of Great Britain.', '', 'english.jpg', 'https://www.youtube.com/embed/hQEeGqZxhgA?si=u884lR0SN4j20d_t', 'https://take.quiz-maker.com/QLNWVFAYL', 'jenu', '0000-00-00', 3, 16, 'english, language', '00:10:00'),
(7, 'Introducion of Korean Language', 'The Korean written language is properly called Hangul, although its English spelling is not always identical across sources. Korean was written with Chinese characters, but this was replaced by the hangul alphabet.', '', 'hangul.jpg', 'https://www.youtube.com/embed/KN4mysljHYc?si=RHtwl7RSLQVrU0I', 'https://take.quiz-maker.com/QY8RTUN5F', 'shizu', '0000-00-00', 3, 17, 'korean,hangul, language', '00:10:00'),
(8, 'Introduction of German Langugage', 'The German language is a West Germanic language spoken by 121 million native speakers and used by around 80 million non-native speakers. Combined, this makes the German language the tenth most spoken language worldwide.', '', 'german.jpg', 'https://www.youtube.com/embed/nf1rzqG3nvA?si=4Chu-uB4aEtzD79V', 'https://take.quiz-maker.com/QBX2D4JA8', 'prakash', '0000-00-00', 3, 18, 'german, language', '00:10:00'),
(9, 'Introduction of French Language', 'French is a Romance language of the Indo-European family. It descended from the Vulgar Latin of the Roman Empire, as did all Romance languages. French evolved from Gallo-Romance, the Latin spoken in Gaul, and more specifically in Northern Gaul.', '', 'cat-french.png', 'https://www.youtube.com/embed/_4N46dVx9nE?si=cToEqbwUpU18VjRk', 'https://take.quiz-maker.com/QL270G7D5', 'shizu', '2024-01-05', 3, 19, '#French intro', '00:04:00'),
(10, 'Introduction of Sanskrit', 'Sanskrit is the oldest language of the world. Since Sanskrit literature has come down to us through oral tradition called the Shruti Parampara, the maximum number of works are in poetry only. Starting from the Rigveda, the earliest document in world literature, there is a continuous flow of Sanskrit works in poetry.', '', 'cat-sanskrit.png', 'https://www.youtube.com/embed/vsY7C5WF9qA?si=dMLraoUNlFyHmusl', 'https://take.quiz-maker.com/Q5FBLFC76', 'piksu', '2024-01-05', 3, 20, '#Sanskrit Intro', '00:06:00'),
(11, 'Introduction of Urdu Language', 'Urdu started developing in north India around Delhi in about the 12th century. It was based on the language spoken in the region around Delhi, and it was heavily influenced by Arabic and Persian, as well as Turkish.', '', 'cat-urdu.png', 'https://www.youtube.com/embed/Xx5Z61y4TVc?si=9S6to1GGd-0xFvEv', 'https://take.quiz-maker.com/Q1XR2N4RO', 'shizu', '2024-01-05', 3, 21, '#Udu Intro', '00:02:00'),
(12, 'Mission Mangal', 'Based on true events of the Indian Space Research Organisation (ISRO) successfully launching the Mars Orbiter Mission (Mangalyaan), making it the least expensive mission to Mars.', '', 'mission-mangal.png', 'https://www.youtube.com/embed/yKykoz7xnDw?si=pc5_3MhaGIdwMXqE', '', 'shizu', '2024-01-05', 1, 6, 'mission_mangal,space_world,ISRO heros,ISRO,', '02:47:04'),
(13, 'Khichadi', 'Khichdi: The Movie is a 2010 Indian comedy film, written and directed by Aatish Kapadia. It is the first film by Hats Off Productions and stars Anang Desai, Supriya Pathak, Rajeev Mehta, Nimisha Vakharia and Jamnadas Majethia in the lead roles.', '', 'khichdi.jpg', 'https://www.youtube.com/embed/omo3dv0cwmA?si=F7Z4MbBLhD_MNtzC', '', 'prakash', '2024-01-05', 1, 6, 'Funny', '01:17:56'),
(14, 'Bhul Bhulaiya', 'Based on the legend of Manjulika, it follows Siddharth (Shiney Ahuja) and Avni (Vidya Balan), who return to India from the United Stated to stay in an ancestral home that may or may not be haunted.', '', 'bhulaiya.jfif', 'https://www.youtube.com/embed/jzYxbnHHhY4?si=a0eH270oyDJ_8qHf', '', 'jenish', '2024-01-05', 1, 6, 'horror', '02:28:14'),
(15, 'King The Land', 'King the Land tells the story of Goo Won (Lee Jun-ho) who is the heir of The King Group, a luxury hotel conglomerate, who was thrown into an inheritance war, and Cheon Sa-rang (Im Yoon-ah), a hotelier who always has a smile on her face till she meets Goo Won.', '', 'king-land.jpg', 'https://www.youtube.com/embed/AGF16szMOmo?si=02iu-DWjwkb_D15W', '', 'shizu', '2024-01-05', 1, 7, 'Romance', '00:01:30'),
(16, 'Titanic', 'Titanic, launched on May 31, 1911, and set sail on its maiden voyage from Southampton on April 10, 1912, with 2,240 passengers and crew on board. On April 15, 1912, after striking an iceberg, Titanic broke apart and sank to the bottom of the ocean, taking with it the lives of more than 1,500 passengers and crew.', '', 'titanic.jpg', 'https://www.youtube.com/embed/kVrqfYjkTdQ?si=8_w2kD7KMDRhe22i', '', 'piksu', '2024-01-05', 1, 6, 'Romance', '02:32:22'),
(17, 'Python History', 'There is a fact behind choosing the name Python. Guido van Rossum was reading the script of a popular BBC comedy series \"Monty Python\'s Flying Circus\". It was late on-air 1970s.', 'Python laid its foundation in the late 1980s.\r\nThe implementation of Python was started in December 1989 by Guido Van Rossum at CWI in Netherland.\r\nIn February 1991, Guido Van Rossum published the code (labeled version 0.9.0) to alt.sources.\r\nIn 1994, Python 1.0 was released with new features like lambda, map, filter, and reduce.\r\nPython 2.0 added new features such as list comprehensions, garbage collection systems.\r\nOn December 3, 2008, Python 3.0 (also called \"Py3K\") was released. It was designed to rectify the fundamental flaw of the language.\r\nABC programming language is said to be the predecessor of Python language, which was capable of Exception Handling and interfacing with the Amoeba Operating System.\r\nThe following programming languages influence Python:\r\nABC language.\r\nModula-3', 'python-history.jpg', 'https://www.youtube.com/embed/1UzSDMJRh8c?si=AJrq2rvfih546vDG', 'https://take.quiz-maker.com/QS1OZZ6YN', 'shizu', '2024-01-05', 4, 1, 'History,Evolution', '07:14:23'),
(18, 'Python Applications', 'Python is known for its general-purpose nature that makes it applicable in almost every domain of software development. Python makes its presence in every emerging field. It is the fastest-growing programming language and can develop any application.', 'Web Applications\r\nWe can use Python to develop web applications. It provides libraries to handle internet protocols such as HTML and XML, JSON, Email processing, request, beautifulSoup, Feedparser, etc. One of Python web-framework named Django is used on Instagram. Python provides many useful frameworks, and these are given below:\r\n\r\nDjango and Pyramid framework(Use for heavy applications)\r\nFlask and Bottle (Micro-framework)\r\nPlone and Django CMS (Advance Content management)\r\n2) Desktop GUI Applications\r\nThe GUI stands for the Graphical User Interface, which provides a smooth interaction to any application. Python provides a Tk GUI library to develop a user interface. Some popular GUI libraries are given below.\r\n\r\nTkinter or Tk\r\nwxWidgetM\r\nKivy (used for writing multitouch applications )\r\nPyQt or Pyside\r\n3) Console-based Application\r\nConsole-based applications run from the command-line or shell. These applications are computer program which are used commands to execute. This kind of application was more popular in the old generation of computers. Python can develop this kind of application very effectively. It is famous for having REPL, which means the Read-Eval-Print Loop that makes it the most suitable language for the command-line applications.\r\n\r\nPython provides many free library or module which helps to build the command-line apps. The necessary IO libraries are used to read and write. It helps to parse argument and create console help text out-of-the-box. There are also advance libraries that can develop independent console apps.\r\n\r\n4) Software Development\r\nPython is useful for the software development process. It works as a support language and can be used to build control and management, testing, etc.\r\n\r\nSCons is used to build control.\r\nBuildbot and Apache Gumps are used for automated continuous compilation and testing.\r\nRound or Trac for bug tracking and project management.\r\n5) Scientific and Numeric\r\nThis is the era of Artificial intelligence where the machine can perform the task the same as the human. Python language is the most suitable language for Artificial intelligence or machine learning. It consists of many scientific and mathematical libraries, which makes easy to solve complex calculations.\r\n\r\nImplementing machine learning algorithms require complex mathematical calculation. Python has many libraries for scientific and numeric such as Numpy, Pandas, Scipy, Scikit-learn, etc. If you have some basic knowledge of Python, you need to import libraries on the top of the code. Few popular frameworks of machine libraries are given below.\r\n\r\nSciPy\r\nScikit-learn\r\nNumPy\r\nPandas\r\nMatplotlib\r\n6) Business Applications\r\nBusiness Applications differ from standard applications. E-commerce and ERP are an example of a business application. This kind of application requires extensively, scalability and readability, and Python provides all these features.\r\n\r\nOddo is an example of the all-in-one Python-based application which offers a range of business applications. Python provides a Tryton platform which is used to develop the business application.\r\n\r\n7) Audio or Video-based Applications\r\nPython is flexible to perform multiple tasks and can be used to create multimedia applications. Some multimedia applications which are made by using Python are TimPlayer, cplay, etc. The few multimedia libraries are given below.\r\n\r\nGstreamer\r\nPyglet\r\nQT Phonon\r\n8) 3D CAD Applications\r\nThe CAD (Computer-aided design) is used to design engineering related architecture. It is used to develop the 3D representation of a part of a system. Python can create a 3D CAD application by using the following functionalities.\r\n\r\nFandango (Popular )\r\nCAMVOX\r\nHeeksCNC\r\nAnyCAD\r\nRCAM\r\n9) Enterprise Applications\r\nPython can be used to create applications that can be used within an Enterprise or an Organization. Some real-time applications are OpenERP, Tryton, Picalo, etc.\r\n\r\n10) Image Processing Application\r\nPython contains many libraries that are used to work with the image. The image can be manipulated according to our requirements. Some libraries of image processing are given below.\r\n\r\nOpenCV\r\nPillow\r\nSimpleITK', 'python-applications.png', 'https://www.youtube.com/embed/Ufuvwov6Wfw?si=hFV7iaVzOaDo4aIF', 'https://take.quiz-maker.com/Q40UN5U62', 'shizu', '2024-01-05', 4, 1, 'Applications', '10:40:23'),
(19, 'python variables', 'A variable is the name given to a memory location. A value-holding Python variable is also known as an identifier', 'Since Python is an infer language that is smart enough to determine the type of a variable, we do not need to specify its type in Python.\r\n\r\nVariable names must begin with a letter or an underscore, but they can be a group of both letters and digits.\r\n\r\nThe name of the variable should be written in lowercase. Both Rahul and rahul are distinct variables.\r\n\r\nIdentifier Naming\r\nIdentifiers are things like variables. An Identifier is utilized to recognize the literals utilized in the program. The standards to name an identifier are given underneath.\r\n\r\nThe variable\'s first character must be an underscore or alphabet (_).\r\nEvery one of the characters with the exception of the main person might be a letter set of lower-case(a-z), capitalized (A-Z), highlight, or digit (0-9).\r\nWhite space and special characters (!, @, #, %, etc.) are not allowed in the identifier name. ^, &, *).\r\nIdentifier name should not be like any watchword characterized in the language.\r\nNames of identifiers are case-sensitive; for instance, my name, and MyName isn\'t something very similar.\r\nExamples of valid identifiers: a123, _n, n_9, etc.\r\nExamples of invalid identifiers: 1a, n%4, n 9, etc.\r\nDeclaring Variable and Assigning Values\r\nPython doesn\'t tie us to pronounce a variable prior to involving it in the application. It permits us to make a variable at the necessary time.\r\nIn Python, we don\'t have to explicitly declare variables. The variable is declared automatically whenever a value is added to it.\r\nThe equal (=) operator is utilized to assign worth to a variable.\r\nObject References\r\nWhen we declare a variable, it is necessary to comprehend how the Python interpreter works. Compared to a lot of other programming languages, the procedure for dealing with variables is a little different.\r\n\r\nPython is the exceptionally object-arranged programming language; Because of this, every data item is a part of a particular class. Think about the accompanying model.', 'python_var.png\n', 'https://www.youtube.com/embed/cQT33yu9pY8?si=DIMUru90_QmlLf2v', 'https://take.quiz-maker.com/QBERC1O2A', 'shizu', '2024-01-05', 4, 1, 'Variables', '10:00:34'),
(20, 'python Data types', 'Every value has a datatype, and variables can hold values. Python is a powerfully composed language; consequently, we don\'t have to characterize the sort of variable while announcing it. The interpreter binds the value implicitly to its type', 'We did not specify the type of the variable a, which has the value five from an integer. The Python interpreter will automatically interpret the variable as an integer.\r\n\r\nWe can verify the type of the program-used variable thanks to Python. The type() function in Python returns the type of the passed variable.\r\nStandard data types\r\nA variable can contain a variety of values. On the other hand, a person\'s id must be stored as an integer, while their name must be stored as a string.\r\n\r\nThe storage method for each of the standard data types that Python provides is specified by Python. The following is a list of the Python-defined data types.\r\n\r\nNumbers\r\nSequence Type\r\nBoolean\r\nSet\r\nDictionary\r\nNumbers\r\nNumeric values are stored in numbers. The whole number, float, and complex qualities have a place with a Python Numbers datatype. Python offers the type() function to determine a variable\'s data type. The instance () capability is utilized to check whether an item has a place with a specific class.\r\nSequence Type\r\nString\r\nThe sequence of characters in the quotation marks can be used to describe the string. A string can be defined in Python using single, double, or triple quotes.\r\n\r\nString dealing with Python is a direct undertaking since Python gives worked-in capabilities and administrators to perform tasks in the string.\r\n\r\nWhen dealing with strings, the operation \"hello\"+\" python\" returns \"hello python,\" and the operator + is used to combine two strings.\r\n\r\nBecause the operation \"Python\" *2 returns \"Python,\" the operator * is referred to as a repetition operator.\r\nList\r\nLists in Python are like arrays in C, but lists can contain data of different types. The things put away in the rundown are isolated with a comma (,) and encased inside square sections [].\r\n\r\nTo gain access to the list\'s data, we can use slice [:] operators. Like how they worked with strings, the list is handled by the concatenation operator (+) and the repetition operator (*).\r\nTuple\r\nIn many ways, a tuple is like a list. Tuples, like lists, also contain a collection of items from various data types. A parenthetical space () separates the tuple\'s components from one another.\r\n\r\nBecause we cannot alter the size or value of the items in a tuple, it is a read-only data structure.\r\nDictionary\r\nA dictionary is a key-value pair set arranged in any order. It stores a specific value for each key, like an associative array or a hash table. Value is any Python object, while the key can hold any primitive data type.\r\n\r\nThe comma (,) and the curly braces are used to separate the items in the dictionary.\r\nBoolean\r\nTrue and False are the two default values for the Boolean type. These qualities are utilized to decide the given assertion valid or misleading. The class book indicates this. False can be represented by the 0 or the letter \"F,\" while true can be represented by any value that is not zero.\r\nSet\r\nThe data type\'s unordered collection is Python Set. It is iterable, mutable(can change after creation), and has remarkable components. The elements of a set have no set order; It might return the element\'s altered sequence. Either a sequence of elements is passed through the curly braces and separated by a comma to create the set or the built-in function set() is used to create the set. It can contain different kinds of values.\r\n\r\n', 'python-data-types.png', 'https://www.youtube.com/embed/w_jm4xfXvuE?si=hO3ubu19bY8jnA8L', 'https://take.quiz-maker.com/QE2MQC0SV', 'shizu', '2024-01-05', 4, 1, 'Datatypes', '00:04:22'),
(21, 'Python Keywords', 'Every scripting language has designated words or keywords, with particular definitions and usage guidelines. Python is no exception. The fundamental constituent elements of any Python program are Python keywords.', 'Python keywords are unique words reserved with defined meanings and functions that we can only apply for those functions. You\'ll never need to import any keyword into your program because they\'re permanently present.\r\n\r\nPython\'s built-in methods and classes are not the same as the keywords. Built-in methods and classes are constantly present; however, they are not as limited in their application as keywords.\r\n\r\nAssigning a particular meaning to Python keywords means you can\'t use them for other purposes in our code. You\'ll get a message of Syntax Error if you attempt to do the same. If you attempt to assign anything to a built-in method or type, you will not receive a Syntax Error message; however, it is still not a smart idea.\r\nHow to Identify Python Keywords\r\nPython\'s keyword collection has evolved as new versions were introduced. The await and async keywords, for instance, were not introduced till Python 3.7. Also, in Python 2.7, the words print and exec constituted keywords; however, in Python 3+, they were changed into built-in methods and are no longer part of the set of keywords. In the paragraphs below, you\'ll discover numerous methods for determining whether a particular word in Python is a keyword or not.\r\n\r\nWrite Code on a Syntax Highlighting IDE\r\nThere are plenty of excellent Python IDEs available. They\'ll all highlight keywords to set them apart from the rest of the terms in the code. This facility will assist you in immediately identifying Python keywords during coding so that you do not misuse them.\r\n\r\nVerify Keywords with Script in a REPL\r\nThere are several ways to detect acceptable Python keywords plus know further regarding them in the Python REPL.\r\n\r\nLook for a SyntaxError\r\nLastly, if you receive a SyntaxError when attempting to allocate to it, name a method with it, or do anything else with that, and it isn\'t permitted, it\'s probably a keyword. This one is somewhat more difficult to see, but it is still a technique for Python to tell you if you\'re misusing a keyword.\r\n\r\nPython Keywords and Their Usage\r\nThe following sections categorize Python keywords under the headings based on their frequency of use. The first category, for instance, includes all keywords utilized as values, whereas the next group includes keywords employed as operators. These classifications will aid in understanding how keywords are employed and will assist you in arranging the huge collection of Python keywords.\r\n\r\nA few terms mentioned in the segment following may be unfamiliar to you. They\'re explained here, and you must understand what they mean before moving on:\r\nThe Boolean assessment of a variable is referred to as truthfulness. A value\'s truthfulness reveals if the value of the variable is true or false.\r\nIn the Boolean paradigm, truth refers to any variable that evaluates to true. Pass an item as an input to bool() to see if it is true. If True is returned, the value of the item is true. Strings and lists which are not empty, non-zero numbers, and many other objects are illustrations of true values.\r\n\r\nFalse refers to any item in a Boolean expression that returns false. Pass an item as an input to bool() to see if it is false. If False is returned, the value of the item is false. Examples of false values are \" \", 0, { }, and [ ].\r\n\r\nValue Keywords: True, False, None\r\nThree Python keywords are employed as values in this example. These are singular values, which we can reuse indefinitely and every time correspond to the same entity. These values will most probably be seen and used frequently.\r\n\r\nThe Keywords True and False\r\n\r\nThese keywords are typed in lowercase in conventional computer languages (true and false); however, they are typed in uppercase in Python every time. In Python script, the True Python keyword represents the Boolean true state. False is a keyword equivalent to True, except it has the negative Boolean state of false.\r\n\r\nTrue and False are those keywords that can be allocated to variables or parameters and are compared directly.\r\nIteration Keywords: for, while, break, continue\r\nThe iterative process and looping are essential programming fundamentals. To generate and operate with loops, Python has multiple keywords. These would be utilized and observed in almost every Python program. Knowing how to use them correctly can assist you in becoming a better Python developer.\r\n\r\nThe for Keyword\r\n\r\nThe for loop is by far the most popular loop in Python. It\'s built by blending two Python keywords. They are for and in, as previously explained.\r\n\r\nThe while Keyword\r\n\r\nPython\'s while loop employs the term while and functions similarly to other computer languages\' while loops. The block after the while phrase will be repeated repeatedly until the condition following the while keyword is false.\r\n\r\nThe break Keyword\r\n\r\nIf you want to quickly break out of a loop, employ the break keyword. We can use this keyword in both for and while loops.\r\n\r\nThe continue Keyword\r\n\r\nYou can use the continue Python keyword if you wish to jump to the subsequent loop iteration. The continue keyword, as in many other computer languages, enables you to quit performing the present loop iteration and go on to the subsequent one.', 'python_keyw.png', 'https://www.youtube.com/embed/c_gnfezYobI?si=prCYGiVWhDA4ad8n', 'https://take.quiz-maker.com/Q5XBLFC76', 'shizu', '2024-01-05', 4, 1, 'keywords', '00:04:00'),
(22, 'Python Operators', 'he operator is a symbol that performs a specific operation between two operands, according to one definition. Operators serve as the foundation upon which logic is constructed in a program in a particular programming language. In every programming language, some operators perform several tasks.', 'Python also has some operators, and these are given below -\r\n\r\nArithmetic operators\r\nComparison operators\r\nAssignment Operators\r\nLogical Operators\r\nBitwise Operators\r\nMembership Operators\r\nIdentity Operators\r\nArithmetic Operators\r\nArithmetic Operators\r\nArithmetic operators used between two operands for a particular operation. There are many arithmetic operators. It includes the exponent (**) operator as well as the + (addition), - (subtraction), * (multiplication), / (divide), % (reminder), and // (floor division) operators.\r\nComparison operator\r\nComparison operators mainly use for comparison purposes. Comparison operators compare the values of the two operands and return a true or false Boolean value in accordance. The example of comparison operators are ==, !=, <=, >=, >, <. In the below table, we explain the works of the operators.\r\nAssignment Operators\r\nUsing the assignment operators, the right expression\'s value is assigned to the left operand. There are some examples of assignment operators like =, +=, -=, *=, %=, **=, //=\r\nBitwise Operators\r\nThe two operands\' values are processed bit by bit by the bitwise operators. The examples of Bitwise operators are bitwise OR (|), bitwise AND (&), bitwise XOR (^), negation (~), Left shift (<<), and Right shift (>>).\r\nLogical Operators\r\nThe assessment of expressions to make decisions typically uses logical operators. The examples of logical operators are and, or, and not. In the case of logical AND, if the first one is 0, it does not depend upon the second one. In the case of logical OR, if the first one is 1, it does not depend on the second one', 'python_opp.webp', 'https://www.youtube.com/embed/iyOVgQDkx1E?si=ssiuG9RQoEGNpc3Z', 'https://take.quiz-maker.com/QJKIQ8HWU', 'shizu', '2024-01-05', 4, 1, 'operators', '00:11:47'),
(23, 'Introduction of Sentences', 'I\'m is an acronym for the word \'I AM.\' It is used to tell someone about yourself. It is used in combination with other words. You can also use it to describe something you are doing. I\'m is contraction of the word I am. Contraction is very common in english such as It\'s, You\'re, He\'s, I\'ve, let\'s, I\'ll, I\'d, don\'t, isn\'t, can\'t, doesn\'t, couldn\'t, what\'s, how\'s, that\'s, etc. I am and I\'m, both mean the same in any situation.', '', 'eng_sentence.jpg', 'https://www.youtube.com/embed/pD2M5sLr3CQ?si=qCPx1dwZROBkQqv2', 'https://take.quiz-maker.com/QH3V0BR6J', 'prakash', '2024-01-05', 3, 16, 'sentences, real-world ,talkingsense', '00:05:41'),
(24, 'English Grammar', 'English grammar is the process by which meanings in the English language are conveyed into word choice.\"\r\n\r\nThe organization of words, phrases, clauses, sentences, and entire texts is included in it. Grammar is the process through which we organise words to form whole sentences.\r\n\r\nWord level grammar includes verb and tenses, nouns, adverbs, and so on. Sentence level grammar includes phrases, sentences, reported speech, and so on.', '', 'eng_grammer.png', 'https://www.youtube.com/embed/QdAgnyD4xhY?si=InJxGrQEZwGTZcbZ', 'https://take.quiz-maker.com/QL71FNQBI', 'prakash', '2024-01-05', 3, 16, 'Grammar', '01:15:41'),
(25, 'Satyaprem ki katha', 'Satyaprem \"Sattu\" Narayan is a happy-go-lucky young man who lives with his middle-class Gujarati family in Ahmedabad. He has failed his law degree and dreams of getting married to a beautiful girl but gets rejected by everyone due to him being jobless.', '', 'satyaprem.jpg', 'https://www.youtube.com/embed/8EPJiFfWRfw?si=2YYuDoWbUapdyR9x', '', 'jenish', '2024-01-05', 1, 6, 'satyaprem', '00:04:41'),
(26, 'the king eternal monarch', 'The King: Eternal Monarch (Korean: ? ?: ??? ??) is a 2020 romantic-fantasy South Korean television series starring Lee Min-ho, Kim Go-eun, Woo Do-hwan, Kim Kyung-nam, Jung Eun-chae, and Lee Jung-jin.[5][6][7][8] Written by Kim Eun-sook and produced by Hwa&Dam Pictures and its parent company Studio Dragon, the series premiered on SBS TV and Netflix for the global audience on April 17, 2020.[9]\r\n\r\nSet in two parallel worlds, the series follows Emperor Lee Gon of the Kingdom of Korea, who discovers access to an alternate reality after crossing a mythical door opened by his half-uncle, Lee Lim, where the Republic of Korea exists in the Kingdom\'s stead and sets out to put an end to Lee Lim\'s atrocities and retrieve the other half of Manpasikjeok used as a portal between two worlds.', '', 'king_eternal.jpg', 'https://www.youtube.com/embed/4XegAjgl3zs?si=OVwQuLSU0HhV56Mx', '', 'jenu', '2024-01-05', 1, 7, 'kingmonarch , lee', '00:05:41'),
(27, 'History of Java', 'The history of Java is very interesting. Java was originally designed for interactive television, but it was too advanced technology for the digital cable television industry at the time. The history of Java starts with the Green Team. Java team members (also known as Green Team), initiated this project to develop a language for digital devices such as set-top boxes, televisions, etc. However, it was best suited for internet programming. Later, Java technology was incorporated by Netscape.', 'The principles for creating Java programming were \"Simple, Robust, Portable, Platform-independent, Secured, High Performance, Multithreaded, Architecture Neutral, Object-Oriented, Interpreted, and Dynamic\". Java was developed by James Gosling, who is known as the father of Java, in 1995. James Gosling and his team members started the project in the early \'90s.\r\nCurrently, Java is used in internet programming, mobile devices, games, e-business solutions, etc. Following are given significant points that describe the history of Java.\r\n\r\n1) James Gosling, Mike Sheridan, and Patrick Naughton initiated the Java language project in June 1991. The small team of sun engineers called Green Team.\r\n\r\n2) Initially it was designed for small, embedded systems in electronic appliances like set-top boxes.\r\n\r\n3) Firstly, it was called \"Greentalk\" by James Gosling, and the file extension was .gt.\r\n\r\n4) After that, it was called Oak and was developed as a part of the Green project.\r\n\r\nWhy Java was named as \"Oak\"?\r\n5) Why Oak? Oak is a symbol of strength and chosen as a national tree of many countries like the U.S.A., France, Germany, Romania, etc.\r\n\r\n6) In 1995, Oak was renamed as \"Java\" because it was already a trademark by Oak Technologies.\r\n\r\nWhy Java Programming named \"Java\"?\r\n7) Why had they chose the name Java for Java language? The team gathered to choose a new name. The suggested words were \"dynamic\", \"revolutionary\", \"Silk\", \"jolt\", \"DNA\", etc. They wanted something that reflected the essence of the technology: revolutionary, dynamic, lively, cool, unique, and easy to spell, and fun to say.\r\n\r\nAccording to James Gosling, \"Java was one of the top choices along with Silk\". Since Java was so unique, most of the team members preferred Java than other names.\r\n\r\n8) Java is an island in Indonesia where the first coffee was produced (called Java coffee). It is a kind of espresso bean. Java name was chosen by James Gosling while having a cup of coffee nearby his office.\r\n\r\n9) Notice that Java is just a name, not an acronym.\r\n\r\n10) Initially developed by James Gosling at Sun Microsystems (which is now a subsidiary of Oracle Corporation) and released in 1995.\r\n\r\n11) In 1995, Time magazine called Java one of the Ten Best Products of 1995.\r\n\r\n12) JDK 1.0 was released on January 23, 1996. After the first release of Java, there have been many additional features added to the language. Now Java is being used in Windows applications, Web applications, enterprise applications, mobile applications, cards, etc. Each new version adds new features in Java.\r\nJava Version History\r\nMany java versions have been released till now. The current stable release of Java is Java SE 10.\r\n\r\nJDK Alpha and Beta (1995)\r\nJDK 1.0 (23rd Jan 1996)\r\nJDK 1.1 (19th Feb 1997)\r\nJ2SE 1.2 (8th Dec 1998)\r\nJ2SE 1.3 (8th May 2000)\r\nJ2SE 1.4 (6th Feb 2002)\r\nJ2SE 5.0 (30th Sep 2004)\r\nJava SE 6 (11th Dec 2006)\r\nJava SE 7 (28th July 2011)\r\nJava SE 8 (18th Mar 2014)\r\nJava SE 9 (21st Sep 2017)\r\nJava SE 10 (20th Mar 2018)\r\nJava SE 11 (September 2018)\r\nJava SE 12 (March 2019)\r\nJava SE 13 (September 2019)\r\nJava SE 14 (Mar 2020)\r\nJava SE 15 (September 2020)\r\nJava SE 16 (Mar 2021)\r\nJava SE 17 (September 2021)\r\nJava SE 18 (to be released by March 2022)\r\nSince Java SE 8 release, the Oracle corporation follows a pattern in which every even version is release in March month and an odd version released in September month.', 'history_java.jpg', 'https://www.youtube.com/embed/DcQPtlFlgzY?si=sDJzqSJ_gXyi4nty', 'https://take.quiz-maker.com/QY0LJUQ5F', 'prakash', '2024-01-11', 4, 2, '#history', '00:02:02'),
(28, 'Features of Java', 'The primary objective of Java programming language creation was to make it portable, simple and secure programming language. Apart from this, there are also some excellent features which play an important role in the popularity of this language. The features of Java are also known as Java buzzwords', 'A list of the most important features of the Java language is given below.\r\n\r\nSimple\r\nObject-Oriented\r\nPortable\r\nPlatform independent\r\nSecured\r\nRobust\r\nArchitecture neutral\r\nInterpreted\r\nHigh Performance\r\nMultithreaded\r\nDistributed\r\nDynamic\r\nSimple\r\nJava is very easy to learn, and its syntax is simple, clean and easy to understand. According to Sun Microsystem, Java language is a simple programming language because:\r\n\r\nJava syntax is based on C++ (so easier for programmers to learn it after C++).\r\nJava has removed many complicated and rarely-used features, for example, explicit pointers, operator overloading, etc.\r\nThere is no need to remove unreferenced objects because there is an Automatic Garbage Collection in Java.\r\nObject-oriented\r\nJava is an object-oriented programming language. Everything in Java is an object. Object-oriented means we organize our software as a combination of different types of objects that incorporate both data and behavior.\r\n\r\nObject-oriented programming (OOPs) is a methodology that simplifies software development and maintenance by providing some rules.\r\n\r\nBasic concepts of OOPs are:\r\n\r\nObject\r\nClass\r\nInheritance\r\nPolymorphism\r\nAbstraction\r\nEncapsulation\r\nPlatform Independent\r\nJava is platform independent because it is different from other languages like C, C++, etc. which are compiled into platform specific machines while Java is a write once, run anywhere language. A platform is the hardware or software environment in which a program runs.\r\n\r\nThere are two types of platforms software-based and hardware-based. Java provides a software-based platform.\r\n\r\nThe Java platform differs from most other platforms in the sense that it is a software-based platform that runs on top of other hardware-based platforms. It has two components:\r\n\r\nRuntime Environment\r\nAPI(Application Programming Interface)\r\nJava code can be executed on multiple platforms, for example, Windows, Linux, Sun Solaris, Mac/OS, etc. Java code is compiled by the compiler and converted into bytecode. This bytecode is a platform-independent code because it can be run on multiple platforms, i.e., Write Once and Run Anywhere (WORA).', 'java_feature.png', 'https://www.youtube.com/embed/O5hShUO6wxs?si=KsLY2cOhQ6DXELlg', 'https://take.quiz-maker.com/QBNZN1OSA', 'prakash', '2024-01-11', 4, 2, '#feature', '00:06:25'),
(29, 'What Are Tenses?', 'Explaining tenses, tense is a verb-based means of indicating the timing, and occasionally the continuance or completion, of an action or condition in connection to the period of speaking.\r\n\r\n', '', 'eng_tense.png', 'https://www.youtube.com/embed/97ZgXLQxkpU?si=kcOiErb-yDqXCBt1', 'https://take.quiz-maker.com/QBERU1R2A', 'jenish', '2024-01-11', 3, 16, '#tenses,#past,#future,#present', '00:04:12'),
(30, 'Rules Of Tenses', 'English phrases or sentences are formed using tenses rules. There are three forms of tenses: present tense, past tense, and future tense. The past relates to what happened much before, the present tense relates to what is occurring now, and the future tense relates to what will happen after now. They essentially depict temporal elements based on the actual timing.', '', 'eng_tens_rule.png', 'https://www.youtube.com/embed/SEO9YPzSH-0?si=sblktUFvtCl_Z6R8', 'https://take.quiz-maker.com/Q5J7LFC76', 'jenu', '2024-01-11', 3, 16, '#rules,#principles', '00:11:27'),
(31, 'php features', 'Performance:\r\n\r\nPHP script is executed much faster than those scripts which are written in other languages such as JSP and ASP. PHP uses its own memory, so the server workload and loading time is automatically reduced, which results in faster processing speed and better performance.', 'Open Source:\r\n\r\nPHP source code and software are freely available on the web. You can develop all the versions of PHP according to your requirement without paying any cost. All its components are free to download and use.\r\n\r\nFamiliarity with syntax:\r\n\r\nPHP has easily understandable syntax. Programmers are comfortable coding with it.\r\n\r\nEmbedded:\r\n\r\nPHP code can be easily embedded within HTML tags and script.\r\n\r\nPlatform Independent:\r\n\r\nPHP is available for WINDOWS, MAC, LINUX & UNIX operating system. A PHP application developed in one OS can be easily executed in other OS also.\r\n\r\nDatabase Support:\r\n\r\nPHP supports all the leading databases such as MySQL, SQLite, ODBC, etc.\r\n\r\nError Reporting -\r\n\r\nPHP has predefined error reporting constants to generate an error notice or warning at runtime. E.g., E_ERROR, E_WARNING, E_STRICT, E_PARSE.\r\n\r\nLoosely Typed Language:\r\n\r\nPHP allows us to use a variable without declaring its datatype. It will be taken automatically at the time of execution based on the type of data it contains on its value.\r\n\r\nWeb servers Support:\r\n\r\nPHP is compatible with almost all local servers used today like Apache, Netscape, Microsoft IIS, etc.\r\n\r\nSecurity:\r\n\r\nPHP is a secure language to develop the website. It consists of multiple layers of security to prevent threads and malicious attacks.\r\n\r\nControl:\r\n\r\nDifferent programming languages require long script or code, whereas PHP can do the same work in a few lines of code. It has maximum control over the websites like you can make changes easily whenever you want.\r\n\r\nA Helpful PHP Community:\r\n\r\nIt has a large community of developers who regularly updates documentation, tutorials, online help, and FAQs. Learning PHP from the communities is one of the significant benefits.', 'php_feature.png', 'https://www.youtube.com/embed/vSYnrbeUKL0?si=wYRqABQB77A-wy7D', 'https://take.quiz-maker.com/QJKIAHHWU', 'piksu', '2024-01-15', 4, 3, '#features', '00:11:00');
INSERT INTO `item` (`id`, `title`, `description`, `content`, `photopath`, `videopath`, `test_link`, `publish_by`, `publish_date`, `module_id`, `category`, `keywords`, `time`) VALUES
(32, 'php installation', 'To install PHP, we will suggest you to install AMP (Apache, MySQL, PHP) software stack. It is available for all operating systems. There are many AMP options available in the market that are given below:\r\n\r\nWAMP for Windows\r\nLAMP for Linux\r\nMAMP for Mac\r\nSAMP for Solaris\r\nFAMP for FreeBSD\r\nXAMPP (Cross, Apache, MySQL, PHP, Perl) for Cross Platform: It includes some other components too such as FileZilla, OpenSSL, Webalizer, Mercury Mail, etc.', 'If you are on Windows and don\'t want Perl and other features of XAMPP, you should go for WAMP. In a similar way, you may use LAMP for Linux and MAMP for Macintosh.\r\n\r\nDownload and Install WAMP Server\r\nClick me to download WAMP server\r\nDownload and Install LAMP Server\r\nClick me to download LAMP server\r\nDownload and Install MAMP Server\r\nClick me to download MAMP server\r\nDownload and Install XAMPP Server\r\nClick me to download XAMPP server\r\nHow to install XAMPP server on windows\r\nWe will learn how to install the XAMPP server on windows platform step by step. Follow the below steps and install the XAMPP server on your system.\r\n\r\nStep 1: Click on the above link provided to download the XAMPP server according to your window requirement.\r\nStep 2: After downloading XAMPP, double click on the downloaded file and allow XAMPP to make changes in your system. A window will pop-up, where you have to click on the Next button.\r\nStep 3: Here, select the components, which you want to install and click Next.\r\nStep 4: Choose a folder where you want to install the XAMPP in your system and click Next.\r\nPHP Laravel 5.6 - Rest API with PassportPHP compare datesPHP Registration FormPHP ternary operatorPHP basename() FunctionWhy do we need Interfaces in PHPfile_put_contents() Function in PHPIs_array() Function in PHPHow to Use PHP Serialize() and Unserialize() FunctionPHP Unset() vs Unlink() FunctionPHP 5 vs PHP 7PHP Imagearc() FunctionPHP Imagecharup() FunctionPHP Imagecolortransparent() FunctionPHP Imagechar() FunctionPHP Imagecreate() FunctionPHP Imagecolorallocate() FunctionPHP Image createtruecolor( ) FunctionPHP Imagestring() FunctionPHP ClassesFather of PHPget vs post method in PHPPHP append to arrayfpassthru() Function in PHPImagick::borderImage() method in PHPImagick rotateImage() FunctionImagick transposeImage() FunctionPHP ProjectsImagick floodFillPaintImage() FunctionImagick::charcoalImage() PHPImagick adaptiveBlurImage() FunctionImagick addImage() FunctionImagick addNoiseImage() FunctionPHP Type Casting and Conversion of an Object to an Object of other classPHP PEARPHP STR_CONTAINS()Multiple Inheritance in PHPWhat is a PHP DeveloperPHP ob_start() FunctionPHP BeautifierPHP imagepolygon() FunctionFree PHP Web HostingPHP AdminerPolymorphism in PHPPHP empty() FunctionWhat is PHP-FPMPHP STATIC VARIABLESPHP IDE and Code Editor SoftwarePHP file_get_contents() FunctionPHP sleep() FunctionPHP serverPHP GMP Functions Detail ReferencePHP gmp_abs() FunctionPHP gmp_add() FunctionPHP gmp_and()FunctionsPHP GMP gmp_clrbit() FunctionPHP GMP gmp_cmp() FunctionPHP GMP gmp_com() FunctionPHP gmp_div_q() FunctionPHP gmp_div_qr() FunctionPHP gmp_or() functionPHP gmp_divexact() FunctionPHP gmp_export() FunctionPHP gmp_fact() FunctionPHP gmp_gcd() FunctionPHP gmp_import() FunctionPHP gmp_intval() FunctionPHP gmp_invert() FunctionPHP gmp_jacobi() FunctionPHP gmp_legendre() FunctionPHP gmp_mod() FunctionPHP gmp_prob_prime() functionPHP gmp_random_bits() functionPHP gmp_random_range() functionPHP gmp_root() functionPHP gmp_rootrem() functionPHP gmp_random_seed() functionPHP gmp_scan0() functionPHP gmp_scan1() functionPHP gmp_setbit() functionPHP GMP gmp_testbit() FunctionPHP gmp_random() functionPHP gmp_xor() functionHow to create html table with a while loop in PHPHow to Encrypt or Decrypt a String in PHP\r\nPHP Mail\r\nPHP Mail\r\nPHP MySQLi\r\nMySQLi CONNECTMySQLi CREATE DBMySQLi CREATE TableMySQLi INSERTMySQLi UPDATEMySQLi DELETEMySQLi SELECTMySQLi Order by\r\nPHP JSON\r\nPHP JSON Example\r\nPHP OOPs Concepts\r\nOOPs ConceptsOOPs Abstract ClassOOPs AbstractionOOPs Access SpecifiersOOPs Const KeywordOOPs ConstructorOOPs DestructorAbstract vs Class vs InterfaceEncapsulationFinal KeywordOOPs FunctionsOOPs InheritanceOOPs InterfaceOOPs OverloadingOOPs Type Hinting\r\nPHP Topics\r\nCompound TypesPHP FloatPHP Integeris_null() FunctionPHP BooleanSpecial TypesInheritance TaskSpecial TypesPHP EncryptionTwo-way EncryptionHeredoc Syntax\r\nPHP MCQ\r\nPHP MCQ\r\nRelated Tutorials\r\nMySQL TutorialWordPress TutorialCodeIgniter TutorialYII TutorialLaravel TutorialMagento 2 Tutorial\r\nInterview Questions\r\nPHP InterviewWordPress InterviewJoomla InterviewDrupal InterviewJavaTpoint\r\nNext ?? Prev\r\nInstall PHP\r\nTo install PHP, we will suggest you to install AMP (Apache, MySQL, PHP) software stack. It is available for all operating systems. There are many AMP options available in the market that are given below:\r\n\r\nWAMP for Windows\r\nLAMP for Linux\r\nMAMP for Mac\r\nSAMP for Solaris\r\nFAMP for FreeBSD\r\nXAMPP (Cross, Apache, MySQL, PHP, Perl) for Cross Platform: It includes some other components too such as FileZilla, OpenSSL, Webalizer, Mercury Mail, etc.\r\nIf you are on Windows and don\'t want Perl and other features of XAMPP, you should go for WAMP. In a similar way, you may use LAMP for Linux and MAMP for Macintosh.\r\n\r\nDownload and Install WAMP Server\r\nClick me to download WAMP server\r\nDownload and Install LAMP Server\r\nClick me to download LAMP server\r\nDownload and Install MAMP Server\r\nClick me to download MAMP server\r\nDownload and Install XAMPP Server\r\nClick me to download XAMPP server\r\nHow to install XAMPP server on windows\r\nWe will learn how to install the XAMPP server on windows platform step by step. Follow the below steps and install the XAMPP server on your system.\r\n\r\nStep 1: Click on the above link provided to download the XAMPP server according to your window requirement.\r\n\r\nInstall PHP\r\nStep 2: After downloading XAMPP, double click on the downloaded file and allow XAMPP to make changes in your system. A window will pop-up, where you have to click on the Next button.\r\n\r\nInstall PHP\r\nStep 3: Here, select the components, which you want to install and click Next.\r\n\r\nInstall PHP\r\nStep 4: Choose a folder where you want to install the XAMPP in your system and click Next.\r\n\r\nInstall PHP\r\nStep 5: Click Next and move ahead.\r\nStep 6: XAMPP is ready to install, so click on the Next button and install the XAMPP.\r\nStep 7: A finish window will display after successful installation. Click on the Finish button\r\nStep 8: Choose your preferred language.\r\nStep 9: XAMPP is ready to use. Start the Apache server and MySQL and run the php program on the localhost.', 'php_install.jpg', 'https://www.youtube.com/embed/4qCC23ib06A?si=DlZCkwJ4Ibxm0tdl', 'https://take.quiz-maker.com/QE2MWCMSV', 'prakash', '2024-01-15', 4, 3, '#installation', '00:06:00'),
(33, 'Features of JavaScript', 'All popular web browsers support JavaScript as they provide built-in execution environments.', 'There are following features of JavaScript:\r\n\r\nAll popular web browsers support JavaScript as they provide built-in execution environments.\r\nJavaScript follows the syntax and structure of the C programming language. Thus, it is a structured programming language.\r\nJavaScript is a weakly typed language, where certain types are implicitly cast (depending on the operation).\r\nJavaScript is an object-oriented programming language that uses prototypes rather than using classes for inheritance.\r\nIt is a light-weighted and interpreted language.\r\nIt is a case-sensitive language.\r\nJavaScript is supportable in several operating systems including, Windows, macOS, etc.\r\nIt provides good control to the users over the web browsers.', 'javascript_feature.jpg', 'https://www.youtube.com/embed/q1fsBWLpYW4?si=IqsrY-NZFtZuaSYE', 'https://take.quiz-maker.com/QL71PNNBI', 'prakash', '2024-01-15', 4, 4, '#features', '00:08:31'),
(34, 'History of JavaScript', 'In 1993, Mosaic, the first popular web browser, came into existence. In the year 1994, Netscape was founded by Marc Andreessen. He realized that the web needed to become more dynamic', 'In 1993, Mosaic, the first popular web browser, came into existence. In the year 1994, Netscape was founded by Marc Andreessen. He realized that the web needed to become more dynamic. Thus, a \'glue language\' was believed to be provided to HTML to make web designing easy for designers and part-time programmers. Consequently, in 1995, the company recruited Brendan Eich intending to implement and embed Scheme programming language to the browser. But, before Brendan could start, the company merged with Sun Microsystems for adding Java into its Navigator so that it could compete with Microsoft over the web technologies and platforms. Now, two languages were there: Java and the scripting language. Further, Netscape decided to give a similar name to the scripting language as Java\'s. It led to \'Javascript\'. Finally, in May 1995, Marc Andreessen coined the first code of Javascript named \'Mocha\'. Later, the marketing team replaced the name with \'LiveScript\'. But, due to trademark reasons and certain other reasons, in December 1995, the language was finally renamed to \'JavaScript\'. From then, JavaScript came into existence.', 'javascript_history.jpg', 'https://www.youtube.com/embed/ZSAfo_RfuBo?si=WSlZGoF6l9HjSShD', 'https://take.quiz-maker.com/QXX6I9JDD', 'prakash', '2024-01-15', 4, 4, '#histroy', '00:07:00'),
(35, 'JavaScript Comment', 'The JavaScript comments are meaningful way to deliver message. It is used to add information about the code, warnings or suggestions so that end user can easily interpret the code', 'The JavaScript comment is ignored by the JavaScript engine i.e. embedded in the browser.\r\n\r\nAdvantages of JavaScript comments\r\nThere are mainly two advantages of JavaScript comments.\r\n\r\nTo make code easy to understand It can be used to elaborate the code so that end user can easily understand the code.\r\nTo avoid the unnecessary code It can also be used to avoid the code being executed. Sometimes, we add the code to perform some action. But after sometime, there may be need to disable the code. In such case, it is better to use comments.\r\nTypes of JavaScript Comments\r\nThere are two types of comments in JavaScript.\r\n\r\nSingle-line Comment\r\nMulti-line Comment\r\nJavaScript Single line Comment\r\nIt is represented by double forward slashes (//). It can be used before and after the statement.\r\nJavaScript Multi line Comment\r\nIt can be used to add single as well as multi line comments. So, it is more convenient.', 'javascript_comment.png', 'https://www.youtube.com/embed/SLxyizaN8X4?si=cZuf-aIzcREkJLMJ', 'https://take.quiz-maker.com/QBX2D2VA8', 'jenish', '2024-01-15', 4, 4, '#comment', '00:03:21'),
(36, 'German Language grammer', 'If only you could learn German by just memorising translations of words  why isn\'t language learning that simple?\r\n\r\nWell, the reason is, every language uses different grammar rules to build sentences. Grammar is the framework that creates the structure of every sentence.', 'German sentences appear to follow some sort of jumbled English grammar. So how do you know where to place those nouns, adverbs, adjectives, and verbs?\r\n\r\nGerman grammar is actually simpler than you might imagine. (Despite what the Grammar Villain would have you believe). And by focusing your efforts on the most important rules, like the ones you\'ll discover in this post, you\'ll save time and energy. And start expressing yourself in German sooner.\r\n\r\nBy the way, if you want to learn German fast and have fun while doing it, my top recommendation is German Uncovered which teaches you through StoryLearning.', 'german_grammer.jpg', 'https://www.youtube.com/embed/x-NiFYOgPwQ?si=lFhZPLPHw-dCMREM', 'https://take.quiz-maker.com/QPS6XSBKC', 'shizu', '2024-01-15', 3, 18, '#grammer', '00:06:02'),
(37, 'Unforgettable Love', 'He Qiaoyan (Wei Zheming), CEO of Heshi Group, and Qin Yiyue (Hu Yixuan), a child psychologist, start a contract marriage for Xiaobao (Sun Sicheng) at the beginning. But the rational, distant, indifferent CEO and the soft, optimistic, considerate, and meticulous psychologist finally fall in love with each other.', '', 'unforgettable_love.jpg', 'https://www.youtube.com/embed/WYRboE95mEA?si=vnNxUfekhORy8sD9', '', 'shizu', '2024-01-17', 1, 22, '#love,#unforgettable ', '00:40:39'),
(38, 'My Girlfriend is an Alien', 'The alien girl Chai Xiaoqi from \"Cape Town Planet\" meets the CEO Fang Leng, who suffers from \"heterosexual amnesia on rainy days\", accidentally loses her beacon, and is trapped on Earth.\r\n\r\nChai Xiaoqi is not only an alien but also an amazing girl who will fall into a \"boy crazy state\" once she inhales the hormones emitted by men on Earth.\r\n\r\nShe experiences all kinds of funny and hilarious encounters, which will perfectly restore the nymphomaniac girls psychology of flirting with men for the audience.\r\n\r\nIn order to survive on the earth, Chai Xiaoqi will also use her various superpowers to solve unexpected trouble one after another.\r\n\r\nFang Leng is a different kind of boss. Once it rains, he will forget the girls who appeared on his side. So he has a variety of hilarious \"battles of wits\" with the Chai Xiaoqi.', '', 'mgia.jpg', 'https://www.youtube.com/embed/4QcHHal-pt4?si=suh63c4ZDwn5mJbq', '', 'shizu', '2024-01-17', 1, 22, '#alien,#love,#romanceofspace', '00:21:52'),
(39, 'Put Your Head on My Shoulder', '\"Put Your Head on My Shoulder\" is a Chinese romantic drama that revolves around the lives of two individuals, Si Tu Mo and Gu Wei Yi, as they navigate the complexities of love, friendship, and personal growth. Set against the backdrop of a university campus, the series unfolds the endearing journey of these two characters who find themselves entangled in a web of emotions.\r\n\r\nSi Tu Mo, a cheerful and ambitious young woman, is focused on her studies and career aspirations. However, her life takes an unexpected turn when she finds herself living under the same roof as Gu Wei Yi, an intelligent but emotionally reserved engineering student. As the two opposites attract, their undeniable chemistry sparks a series of humorous and heartwarming moments.\r\n\r\nThe drama explores the nuances of relationships, highlighting the challenges and joys of falling in love for the first time. With a mix of lighthearted humor and touching moments, \"Put Your Head on My Shoulder\" invites viewers to join the characters on their journey of self-discovery, love, and the pursuit of happiness. As Si Tu Mo and Gu Wei Yi navigate the ups and downs of romance, the series beautifully captures the essence of youthful exuberance and the transformative power of love.', '', 'pyhoms.jpg', 'https://www.youtube.com/embed/FJNqLXmtGKU?si=t04qlrvqL27GfsjP', '', 'shizu', '2024-01-17', 1, 22, '#love,#romance,#science', '00:42:53'),
(40, 'Creature 3d', 'Animal Love', '', '3d_painting1.jpg', '', '', 'shizu ', '2024-01-25', 5, 23, '#animal,#creature3d', '00:00:00'),
(41, 'WaterFall', 'Water Fall Animation', '', '3d_painting2.jpg', '', '', 'jenish', '2024-01-25', 5, 23, '#waterlove,#waterfall', '00:00:00'),
(42, 'Nature ', 'Wall Nature', '', '3d_painting3.jpg', '', '', 'piksu', '2024-01-25', 5, 23, '#nature', '00:00:00'),
(43, 'Water Ladder', 'Ladder Scene', '', '3d_painting4.jpg', '', '', 'jenu', '2024-01-25', 5, 23, '#water', '00:00:00'),
(44, '3d Dog ', 'Dogs Lover', '', '3d_painting5.jpg', '', '', 'piksu', '2024-01-25', 5, 23, '#doglove', '00:00:00'),
(45, 'Lake scene', 'Lake port', '', 'arc1.jpg', '', '', 'shizu ', '2024-01-25', 5, 24, '#lakeview', '00:00:00'),
(46, 'Temple View', 'Light Temple View', '', 'arc2.jpg', '', '', 'piksu', '2024-01-25', 5, 24, '#templeview', '00:00:00'),
(47, 'Tajmahel', 'TajMahel Lakeview', '', 'arc3.jpg', '', '', 'jenu', '2024-01-25', 5, 24, '#tajmahel,#romance,#moments', '00:00:00'),
(48, 'White House', 'Stephan White house view', '', 'arc4.jpg', '', '', 'jenish', '2024-01-25', 5, 24, '#whitehouse', '00:00:00'),
(49, 'Triangle View', 'Triangle house', '', 'arc5.jpg', '', '', 'jenish', '2024-01-25', 5, 24, '#triangleview', '00:00:00'),
(50, 'Geranium', 'the flowers, borne in terminal clusters, vary in color from white through shades of pink to deep red and violet.', '', '3d__gernium_flower.jpg', '', '', 'prakash', '2024-01-25', 5, 25, '#fgerniumflower', '00:00:00'),
(51, 'Devdas', 'Devdas is an epic semi-autobiographical Bengali novella written by Sarat Chandra Chattopadhyay.After his wealthy family prohibits him from marrying the woman he is in love with, Devdas Mukherjee\'s life spirals further and further out of control as he takes up alcohol and a life of vice to numb the pain.', '', 'devdas.jpg', 'https://www.youtube.com/embed/bKbNf9B_Yk4?si=kPnUbfU0aqNs940P', '', 'piksu', '2024-02-01', 1, 6, '#Musical', '02:00:00'),
(52, 'Goliyon Ki Raasleela Ram Leela', 'Modern adaptation of William Shakespeare\'s \'Romeo and Juliet\' with an Indian twist, the film focuses on the story of Ram and Leela, their love, lust and the drama afterwards.', '', 'ramleela.jpg', 'https://go.jc.fm/fRhd/wwtckmiu', '', 'shizu', '2024-02-01', 1, 6, 'Romance', '02:00:00'),
(53, 'Pari', 'Although a kind-hearted man attempts to help a young woman who seems to be a victim of abuse, her strange demeanour indicates that she holds a dark secret; when she moves in with him, her evil and possessive traits threaten his future.', '', 'pari.jpg', 'https://www.youtube.com/embed/yy1mEJtSnNw?si=pwd_eSTL8FrMLRCZ', '', 'jenu', '2024-02-01', 1, 6, 'Horror', '02:00:00'),
(54, '12th Fail', '12th Fail is based on the real story of IPS officer Manoj Sharma, who failed in all subjects except for Hindi in the 12th standard, but didn\'t allow that to deter his dream of clearing the Union Public Service Commission (UPSC exams).', '', '12th.jpg', 'https://www.youtube.com/embed/mfeJazteOIM?si=s01UKTXDgQK_AMhV', '', 'jenu', '2024-02-01', 1, 6, 'Study', '02:00:00'),
(55, 'Mohenjo Daro', 'They evacuate Mohenjo Daro and cross to the other side of the river. The dam collapses, and Maham, chained in the city square, is drowned. The once renowned Mohenjo Daro is no more. The survivors migrate to another river, where Sarman sees the unicorn of his dreams and names the river Ganga.', '', 'mohenjo.jpg', 'https://www.youtube.com/embed/U1vRmu8zMG8?si=PQ90Gb1w9VafFC0t', '', 'shizu', '2024-02-01', 1, 6, 'ancient ', '02:00:00'),
(56, 'Taare Zameen Par', 'It explores the life and imagination of Ishaan (Safary), an artistically gifted 8-year-old boy whose poor academic performance leads his parents to send him to a boarding school, where a new art teacher Nikumbh (Khan) suspects that he is dyslexic and helps him to overcome his reading disorder.', '', 'taare.jpg', 'https://www.youtube.com/embed/GMyN_tY1MIM?si=rRK-9V-6653SiKCR', '', 'jenish', '2024-02-01', 1, 7, 'drama', '02:00:00'),
(57, 'Dear Zindagi ', 'Kaira is a budding cinematographer in search of a perfect life. Her encounter with Jug, an unconventional thinker, helps her gain a new perspective on life. She discovers that happiness is all about finding comfort in life\'s imperfections.', '', 'zindagi.jpg', 'https://www.netflix.com/in/title/80158042', '', 'prakash', '2024-02-01', 1, 7, 'drama', '02:00:00'),
(58, 'Island', 'Island is about lust demons who roam Jeju Island. Our main characters work together to fight against these lust demons and protect the island. Van (Kim Nam Gil) and his brother, Goong Tan (Sung Joon) are both lust demons, but were trained to protect and fight against other demons.', '', 'island.jpg', 'https://www6.myasiantv.tv/show/island-season-1/episode-1', '', 'prakash', '2024-02-01', 1, 7, 'drama', '00:50:00'),
(59, 'Sweet Home', 'The Sweet Home monsters are born from the worst traits of a person\'s soul, almost as if everything bad about someone was suddenly taking over their body and mind. The Sweet Home curse is about the soul winning over the mind.', '', 'sweet.jpg', 'https://www6.myasiantv.tv/show/sweet-home/episode-1', '', 'jenish', '2024-02-01', 1, 7, 'horrors ', '00:50:00'),
(60, 'Twinkling Watermelon', '\"Sparkling Watermelon\" will tell the story of a boy living a double life between a model student and a band member who gets to time slip and meets his 18-year-old father. The two will build friendships there.', '', 'twinkling.jpg', 'https://www6.myasiantv.tv/show/sparkling-watermelon/episode-1', '', 'shizu', '2024-02-01', 1, 7, 'kdrama', '00:50:00'),
(61, 'Doraemon', 'Doraemon is a robotic cat that comes from the 22nd century. He comes to 20th century and stays with Nobi Family. The Nobis love Doraemon very much. So Doraemon always help the Nobis with the devices from 22nd century.', '', 'doraemon.jpg', 'https://www.dailymotion.com/video/x7w384n', '', 'shizu', '2024-02-01', 1, 10, 'doraemon', '00:22:30'),
(62, 'Shin Chan', 'Shin-chan, whose full name is Shinnosuke Nohara, is a fictional character from the Japanese manga and anime series \"Crayon Shin-chan. The character was created by Yoshito Usui and first appeared in 1990.', '', 'shinchan.jpg', 'https://www.dailymotion.com/video/x81y2i7', '', 'jenu', '2024-02-02', 1, 10, 'shinchan', '00:23:30'),
(63, 'Chhota Bheem the Rise of Kirmada', 'In the past, Kirmada was the ruler of Pratapgarh. Mocked by other kings, an enraged Kirmada decided to approach Shaitaan (the Devil) to make him his mentor. Under his tutelage, Kirmada gained immense power and strength, and eventually married and fostered a son. He defeated many armies and became a valiant king.', '', 'bheem.jpg', 'https://www.netflix.com/in/title/81450432', '', 'piksu', '2024-02-01', 1, 10, 'chhotabheem', '01:08:00'),
(64, 'Jungle Junction', 'Step into the heart of flavor-filled adventure at Jungle Junction Food, where every dish is a journey through the lush landscapes of taste and texture. With a menu inspired by the vibrant culinary traditions of the jungle, our cozy eatery invites you to embark on a gastronomic safari unlike any other. From sizzling grills to refreshing salads, each bite is a thrilling exploration of exotic ingredients and bold flavors. Join us at Jungle Junction Food and let your taste buds roam wild amidst a jungle of culinary delights.', 'Welcome to Jungle Junction Food: A Culinary Adventure in the Heart of Nature  Immerse yourself in the vibrant flavors of the rainforest at Jungle Junction Food, where every meal is a journey into the heart of nature. Nestled amidst lush greenery and surrounded by the sounds of the jungle, our restaurant offers a unique dining experience that celebrates the bounty of the rainforest.  Explore Our Menu  Indulge in a symphony of flavors with our carefully curated menu, inspired by the diverse culinary traditions found in the jungle. From savory appetizers to decadent desserts, each dish is crafted with the freshest local ingredients and infused with the spirit of the rainforest.  Experience the Jungle  Dine amidst the sights and sounds of nature in our open-air restaurant, where you\'ll be surrounded by breathtaking views and immersed in the beauty of the jungle. Whether you\'re enjoying a romantic dinner for two or celebrating a special occasion with friends and family, Jungle Junction Food provides the perfect setting for an unforgettable dining experience.  Join Us  Join us at Jungle Junction Food and embark on a culinary adventure like no other. Whether you\'re a seasoned foodie or simply looking to escape the hustle and bustle of city life, our restaurant offers a tranquil oasis where you can relax, unwind, and savor the flavors of the rainforest.  Contact Us  Ready to experience the magic of Jungle Junction Food? Contact us today to make a reservation or learn more about our menu and dining options. We can\'t wait to welcome you to the jungle!', 'jungle.png', 'https://www.hotstar.com/in/tv/jungle-junction/1260015264/the-treasure-of-jungle-junction-shrinky/1260016052', '', 'piksu', '2024-02-01', 2, 10, 'junglejunction', '00:50:00'),
(65, 'Little Einsteins', 'Little Einsteins was designed to teach the target demographic art and music appreciation by integrating famous or culturally significant art works (usually, but not exclusively, paintings) and classical music (most typically from the Baroque, Classical, and Romantic eras) into the scenery, story and soundtrack of each episode.', '', 'little.jpg', 'https://www.youtube.com/embed/jOqyfbsaF0U?si=VWJpeLvzsE-jjNR7', '', 'jenu', '2024-02-15', 1, 10, 'littleeinstein', '00:50:00'),
(66, 'Guatemala City', 'Nestled amidst the scenic landscapes of Guatemala lies its vibrant capital city, Guatemala City. Boasting a rich tapestry of culture, history, and natural beauty, this bustling metropolis offers visitors a captivating blend of old-world charm and modern allure.', 'Exploring the Charms of Guatemala City: A Vibrant Fusion of Culture and History\n\nWelcome to Guatemala City, the beating heart of Central America, where ancient Mayan ruins stand alongside modern skyscrapers, and bustling markets buzz with the energy of the city\'s diverse inhabitants. Nestled in the picturesque Valle de la Ermita and surrounded by majestic volcanoes, Guatemala City is a vibrant metropolis that offers visitors a captivating blend of culture, history, and natural beauty.\n\nDiscover the Rich Cultural Heritage\n\nAs the capital and largest city of Guatemala, Guatemala City is a melting pot of cultures, reflecting the country\'s rich and diverse history. Visitors can explore a wealth of cultural attractions, from the historic center of Zone 1, with its colonial-era architecture and cobblestone streets, to the vibrant arts scene in Zone 4, where galleries, theaters, and street art abound.\n\nExplore Ancient Mayan Ruins\n\nNo visit to Guatemala City would be complete without exploring the ancient Mayan ruins that dot the landscape surrounding the city. Just a short drive from the city center, visitors can discover iconic sites such as Kaminaljuyu, one of the oldest and most important Mayan archaeological sites in the region, and Mixco Viejo, a fortified city nestled in the lush mountains of the Guatemalan highlands.\n\nExperience the Flavors of Guatemala\n\nGuatemalan cuisine is as diverse as the country itself, with influences from Mayan, Spanish, and African culinary traditions. In Guatemala City, visitors can savor a variety of traditional dishes, from hearty stews and grilled meats to delicious street food specialties like tamales, pupusas, and empanadas. Be sure to visit the bustling markets and street food stalls scattered throughout the city to sample the authentic flavors of Guatemala.\n\nImmerse Yourself in Nature\n\nDespite its urban setting, Guatemala City is surrounded by breathtaking natural landscapes waiting to be explored. Outdoor enthusiasts can hike to the summit of nearby volcanoes such as Pacaya and Acatenango for panoramic views of the city and beyond, or venture into the lush rainforests of the surrounding mountains to discover hidden waterfalls, wildlife, and indigenous communities.\n\nPlan Your Visit to Guatemala City\n\nWhether you\'re a history buff, a foodie, an adventure seeker, or simply looking to immerse yourself in the vibrant culture of Central America, Guatemala City has something for everyone. From its fascinating museums and historic landmarks to its bustling markets and natural wonders, Guatemala City offers a truly unforgettable travel experience that will leave you longing to return again and again. Start planning your adventure to Guatemala City today and discover all that this captivating destination has to offer.', 'blog_travel_guatemala.jpg', 'https://www.youtube.com/embed/koIjcep1I4A?si=6iDIZtdX558--yC8\" title=\"YouTube video player', '', 'shizu', '2024-01-19', 2, 13, 'travelling', '00:05:00'),
(67, 'Kanada part V - Toronto', 'Marvel at the iconic skyline dominated by the towering CN Tower, an architectural masterpiece that offers panoramic views of the city and beyond. Stroll along the bustling streets of downtown Toronto, where sleek high-rises mingle with historic buildings, trendy boutiques, and lively cafes. ', 'Exploring Toronto: The Heartbeat of Canada\n\nWelcome to Toronto, the vibrant and diverse cultural hub of Canada! Situated on the shores of Lake Ontario, Toronto beckons visitors with its captivating blend of skyscrapers, historic neighborhoods, and world-class attractions.\n\nUrban Marvels\n\nMarvel at the iconic skyline dominated by the towering CN Tower, an architectural masterpiece that offers panoramic views of the city and beyond. Stroll along the bustling streets of downtown Toronto, where sleek high-rises mingle with historic buildings, trendy boutiques, and lively cafes. Explore the vibrant neighborhoods of Chinatown, Little Italy, and Kensington Market, each offering its own unique charm and cultural treasures.\n\nCultural Delights\n\nImmerse yourself in Toronto\'s thriving arts and culture scene, with an array of museums, galleries, and theaters to explore. Discover masterpieces at the Art Gallery of Ontario, catch a performance at the Royal Ontario Museum, or take in a show at the iconic Ed Mirvish Theatre. Don\'t miss the vibrant street art and live music scene that adds to the city\'s creative energy.\n\nCulinary Adventures\n\nIndulge your taste buds with Toronto\'s eclectic culinary scene, where diverse flavors from around the world come together to create a gastronomic paradise. From fine dining establishments to hole-in-the-wall eateries, the city offers endless options to satisfy every palate. Sample global cuisines in Toronto\'s multicultural neighborhoods, or savor local specialties like peameal bacon sandwiches and butter tarts.\n\nNatural Escapes\n\nEscape the urban hustle and bustle and discover Toronto\'s natural beauty. Explore the tranquil oasis of High Park, where lush gardens, winding trails, and picturesque ponds await. Take a leisurely stroll along the waterfront boardwalk or hop on a ferry to the Toronto Islands, where sandy beaches, bike paths, and stunning views of the city skyline await.\n\nPlan Your Visit\n\nWhether you\'re drawn to its iconic landmarks, diverse neighborhoods, or cultural attractions, Toronto promises an unforgettable experience for visitors of all ages. Plan your visit today and discover why Toronto is known as one of the most dynamic and exciting cities in the world.', 'blog_travel_toronto.jpg', 'https://www.youtube.com/embed/eeubLHILz6o?si=cxbLAnGoz9qUjXav', '', 'shizu', '2023-07-28', 2, 13, 'toronto', '00:05:00'),
(68, 'Revisiting Taiwan after Moving Away', 'Nestled in the heart of East Asia, Taiwan is a vibrant island nation brimming with cultural richness, natural beauty, and technological innovation. With its bustling cities, serene landscapes, and warm hospitality, Taiwan offers visitors a captivating blend of tradition and modernity.', 'discovering Taiwan: A Journey Back to Memories and New Adventures\n\nReturning to Taiwan after moving away is like stepping back into a cherished storybook filled with fond memories and unexpected twists. Whether you\'re reconnecting with old friends, revisiting familiar haunts, or exploring new destinations, Taiwan welcomes you with open arms and invites you to embark on a journey of rediscovery and renewal.\n\nEmbracing Nostalgia\n\nAs you wander through the streets of Taipei or stroll along the bustling night markets, familiar sights, sounds, and smells will stir memories of days gone by. Recapture the joy of savoring a piping hot bowl of beef noodle soup or indulging in freshly made pineapple cakes from a local bakery. Reconnect with old friends over a cup of bubble tea or relive childhood adventures by hiking through the scenic trails of Yangmingshan National Park.\n\nExploring New Horizons\n\nWhile some things may remain unchanged, Taiwan is a country constantly evolving and reinventing itself. Take this opportunity to explore new neighborhoods, discover hidden gems, and experience the vibrant energy of Taiwan\'s modern culture. From the trendy boutiques and cafes of Ximending to the hip art galleries and street art of Tainan, Taiwan offers a wealth of new experiences waiting to be uncovered.\n\nReconnecting with Tradition\n\nAmidst the hustle and bustle of modern life, Taiwan\'s rich cultural heritage remains a source of pride and inspiration for its people. Take time to visit historic temples, participate in traditional festivals, and learn about age-old customs and rituals that have been passed down through generations. Whether you\'re witnessing a breathtaking lantern festival or trying your hand at making traditional handicrafts, embracing Taiwan\'s cultural traditions will deepen your appreciation for the country\'s rich history and heritage.\n\nCelebrating Diversity\n\nOne of Taiwan\'s greatest strengths is its diversity, reflected in its multicultural population, vibrant arts scene, and eclectic culinary landscape. Immerse yourself in the colorful tapestry of Taiwanese culture by sampling regional delicacies, attending cultural performances, and exploring the unique traditions of Taiwan\'s indigenous tribes. From the bustling night markets of Taipei to the tranquil tea plantations of Maokong, Taiwan offers a feast for the senses that celebrates the country\'s rich cultural mosaic.\n\nCreating New Memories\n\nAs you reconnect with old friends and forge new connections, let Taiwan\'s warmth and hospitality envelop you like a familiar embrace. Whether you\'re savoring a breathtaking sunset along the rugged coastline of Kenting or embarking on a culinary adventure through the vibrant streets of Jiufen, every moment spent in Taiwan is an opportunity to create new memories that will last a lifetime.\n\nWelcome Home\n\nWhether you\'re returning to Taiwan after a long absence or visiting for the first time, the island nation offers a warm and inviting embrace that makes you feel right at home. From its stunning natural beauty and vibrant cultural scene to its warm and welcoming people, Taiwan is a destination that captivates the heart and soul of all who visit. So pack your bags, dust off your Mandarin, and get ready for an unforgettable journey back to the land of your memories and dreams. Taiwan is waiting for you, with open arms and endless possibilities.', 'blog_travel_taiwan.jpg', 'https://www.youtube.com/embed/e_WRJzk22pE?si=kky0lxOs2dhIrmjY\" title=\"YouTube video player', '', 'jenish', '2024-01-30', 2, 13, 'taiwan', '00:05:00'),
(69, 'Nanchang Jiangxi Museum', 'Nestled in the heart of Nanchang, the capital city of Jiangxi Province in southeastern China, the Nanchang Jiangxi Museum stands as a testament to the rich cultural heritage and storied history of the region. As you step through its grand gates, you embark on a journey through time, unraveling the mysteries of Jiangxi\'s past and discovering the treasures that lie within.', 'Exploring Nanchang Jiangxi Museum: Unveiling the Treasures of Jiangxi\'s History and Culture\n\nStep into the rich tapestry of Jiangxi\'s past and present as you embark on a journey through the Nanchang Jiangxi Museum. Nestled in the heart of Nanchang, the provincial capital of Jiangxi, this museum stands as a testament to the region\'s vibrant history, cultural heritage, and artistic legacy. Join us as we delve into the treasures housed within its walls and uncover the stories that have shaped Jiangxi\'s identity.\n\nA Glimpse into Jiangxi\'s Past\n\nThe Nanchang Jiangxi Museum offers visitors a fascinating glimpse into Jiangxi\'s storied past, spanning thousands of years of history. Explore meticulously curated exhibits that showcase the region\'s rich archaeological discoveries, from ancient artifacts and imperial relics to intricate pottery and exquisite artwork. Marvel at the craftsmanship of ancient craftsmen and gain insights into the daily lives, customs, and traditions of Jiangxi\'s ancestors.\n\nJourney Through Jiangxi\'s Cultural Landscape\n\nImmerse yourself in Jiangxi\'s diverse cultural landscape as you wander through the museum\'s galleries, each dedicated to different aspects of the region\'s heritage. Discover the profound influence of Confucianism and Taoism on Jiangxi\'s philosophy and spirituality, explore the timeless beauty of Jiangxi\'s traditional arts and crafts, and learn about the contributions of Jiangxi\'s scholars, poets, and revolutionaries to Chinese culture and history.\n\nEncounter Jiangxi\'s Natural Wonders\n\nIn addition to its cultural treasures, the Nanchang Jiangxi Museum also celebrates Jiangxi\'s natural beauty and ecological diversity. Explore exhibits that highlight Jiangxi\'s stunning landscapes, from its majestic mountains and winding rivers to its lush forests and fertile plains. Learn about Jiangxi\'s unique flora and fauna, conservation efforts, and the importance of environmental stewardship in preserving the region\'s natural heritage for future generations.\n\nInteractive Learning and Education\n\nThe Nanchang Jiangxi Museum is more than just a repository of artifacts; it\'s also a center for education and cultural exchange. Engage in hands-on activities, interactive displays, and multimedia presentations that bring Jiangxi\'s history and culture to life in vivid detail. Participate in workshops, lectures, and special events that offer deeper insights into Jiangxi\'s heritage and foster greater appreciation for its cultural legacy.\n\nPlan Your Visit\n\nWhether you\'re a history buff, an art enthusiast, or simply curious about Jiangxi\'s rich cultural heritage, the Nanchang Jiangxi Museum offers something for everyone to enjoy. Plan your visit today and embark on a journey through Jiangxi\'s past, present, and future at one of the region\'s premier cultural institutions. With its diverse exhibits, engaging activities, and immersive experiences, the Nanchang Jiangxi Museum promises an unforgettable adventure that will leave you inspired, enlightened, and eager to explore more of Jiangxi\'s treasures.\n\n\n\n\n\n', 'blog_travel_museum.jpg', 'https://www.youtube.com/embed/4jUxLrb4dC4?si=TW0CGjcSEDgAfpUT', '', 'jenu', '2023-10-01', 2, 13, 'china', '00:05:00'),
(70, 'Into the Albanian Mountains in Berat', 'Nestled in the heart of the Balkans, the Albanian Mountains stand as a testament to nature\'s raw and untamed beauty. With their rugged peaks, pristine landscapes, and rich cultural heritage, these majestic mountains offer travelers a truly immersive experience unlike any other. Embark on a journey of discovery as we delve into the enchanting allure of the Albanian Mountains.', 'Discovering the Enchanting Beauty of the Albanian Mountains in Berat\n\nNestled in the heart of Albania lies the picturesque town of Berat, a hidden gem embraced by the rugged beauty of the Albanian Mountains. Known as the \"City of a Thousand Windows\" for its distinctive Ottoman architecture, Berat serves as the perfect gateway to explore the breathtaking landscapes, ancient history, and rich cultural heritage of the Albanian mountains. Join us as we embark on an unforgettable journey into the Albanian Alps, where adventure and discovery await around every corner.\n\nA Tapestry of Natural Beauty\n\nPrepare to be captivated by the stunning vistas of the Albanian Mountains, where snow-capped peaks, lush valleys, and cascading waterfalls paint a mesmerizing tapestry of natural beauty. Lace up your hiking boots and set out on an adventure through the rugged terrain, where hidden trails lead to secret waterfalls, pristine lakes, and panoramic viewpoints offering unparalleled views of the surrounding landscape. Whether you\'re a seasoned trekker or a leisurely stroller, the Albanian Mountains beckon with endless opportunities for exploration and discovery.\n\nAncient History and Cultural Heritage\n\nAs you traverse the Albanian Mountains, you\'ll encounter a rich tapestry of history and culture woven into the fabric of the landscape. Explore ancient ruins, medieval castles, and Byzantine churches nestled among the peaks, each bearing witness to Albania\'s storied past and enduring resilience. Wander through the cobbled streets of Berat\'s historic old town, a UNESCO World Heritage site renowned for its well-preserved Ottoman architecture and charming alleyways lined with centuries-old homes. Immerse yourself in the vibrant local culture as you sample traditional Albanian cuisine, savoring the flavors of freshly baked bread, hearty stews, and locally sourced cheeses.\n\nAdventures Await\n\nFor the adventurous at heart, the Albanian Mountains offer a playground of outdoor activities to suit every taste and skill level. Embark on a thrilling whitewater rafting excursion down the Osumi River, whose crystal-clear waters carve a path through the heart of the mountains. Channel your inner explorer as you spelunk through ancient caves, discovering hidden chambers adorned with stalactites and stalagmites that tell the story of millennia-old geological formations. Or simply bask in the serenity of nature as you camp beneath the stars, lulled to sleep by the gentle rustle of the mountain breeze and the distant call of nocturnal wildlife.\n\nPlan Your Journey\n\nWhether you\'re seeking adventure, cultural immersion, or simply a moment of tranquility amidst nature\'s splendor, the Albanian Mountains in Berat offer a truly unforgettable experience. Plan your journey today and prepare to be enchanted by the timeless beauty and boundless wonders of this enchanting corner of the world. As you traverse the rugged terrain and immerse yourself in the rich tapestry of history and culture, you\'ll discover that the Albanian Mountains are not just a destinationthey\'re an invitation to embark on the journey of a lifetime.', 'blog_travel_mountain.jpg', 'https://www.youtube.com/embed/YUU_MKTET_o?si=IZsfmoNIj15rVouH', '', 'piksu', '2023-12-30', 2, 13, 'mountain', '00:05:00'),
(71, 'Red Light Myopia Therapy', 'Red Light Myopia Therapy Can Injure Your Retina', 'Shedding Light on Red Light Myopia Therapy: A Revolutionary Approach to Vision Care\n\nIn the ever-evolving landscape of vision care, innovative treatments are continuously being explored to address common eye conditions. One such groundbreaking therapy that has been gaining attention in recent years is Red Light Myopia Therapy. Let\'s dive into the details of this revolutionary approach and explore its potential benefits for those living with myopia.\n\nUnderstanding Myopia: A Common Vision Condition\n\nMyopia, commonly known as nearsightedness, is a prevalent refractive error that affects millions of people worldwide. Individuals with myopia struggle to see distant objects clearly, while objects up close appear sharp. This condition often develops during childhood and adolescence, progressively worsening over time if left unmanaged. While corrective lenses such as glasses or contact lenses can provide temporary relief, they do not address the underlying factors contributing to myopia progression.\n\nThe Science Behind Red Light Therapy\n\nRed Light Myopia Therapy harnesses the power of specific wavelengths of red light, typically in the range of 630 to 660 nanometers, to potentially slow the progression of myopia. This non-invasive treatment modality targets the retina and the overall structure of the eye, aiming to counteract the mechanisms driving myopia progression. While the exact mechanisms are still being elucidated, research suggests that red light may stimulate cellular activity, improve circulation, and modulate neurotransmitter release within the eye.\n\nPotential Benefits of Red Light Myopia Therapy\n\nAdvocates of Red Light Myopia Therapy highlight several potential benefits for individuals with myopia:\n\nSlowing Myopia Progression: By addressing underlying factors contributing to myopia progression, red light therapy may help slow the rate at which nearsightedness worsens over time.\n\nReducing Dependency on Corrective Lenses: Patients undergoing red light therapy may experience a decrease in their reliance on glasses or contact lenses for clear vision, particularly in low-light conditions.\n\nEnhancing Eye Health: Red light therapy has the potential to improve overall eye health by promoting circulation, reducing inflammation, and supporting the function of retinal cells.\n\nCurrent Research and Clinical Evidence\n\nWhile research on Red Light Myopia Therapy is still in its early stages, preliminary studies have shown promising results. Some clinical trials have reported significant reductions in myopia progression among participants undergoing red light treatment compared to control groups. However, further research is necessary to establish the long-term efficacy and safety of this therapy.\n\nConclusion\n\nRed Light Myopia Therapy represents a promising avenue for managing myopia and addressing the underlying factors driving its progression. As research in this field continues to advance, it may offer new hope for individuals living with nearsightedness and pave the way for more effective and non-invasive treatments in the realm of vision care. For those interested in exploring this innovative therapy, consultation with qualified eye care professionals is essential to determine its suitability and potential benefits.', 'blog_sci_redlight.jpg', 'https://www.youtube.com/embed/HzId1CeJZnQ?si=kueNNhZUmcPgtvwa\" title=\"YouTube video player', '', 'piksu', '2024-01-29', 2, 15, 'medical', '00:05:00'),
(72, 'AI(Artificial Intelligence)', 'AI And The End Of Human Exceptionalism', 'Unlocking the Potential of Artificial Intelligence: A Journey into the Future\n\nIn the ever-evolving landscape of technology, few innovations have captured the imagination and potential for transformation quite like Artificial Intelligence (AI). From revolutionizing industries to reshaping daily life, AI is poised to usher in a new era of innovation and discovery. Join us as we embark on a journey into the world of AI, exploring its history, applications, and the boundless possibilities it holds for the future.\n\nThe Rise of AI: A Brief History\n\nWhile the concept of AI may seem like a product of the modern age, its roots can be traced back several decades. The term \"artificial intelligence\" was coined in the 1950s by computer scientist John McCarthy, who envisioned machines capable of performing tasks that typically require human intelligence. Since then, AI has undergone rapid advancement, fueled by breakthroughs in computing power, algorithms, and data availability.\n\nApplications Across Industries\n\nToday, AI is everywhere, permeating virtually every aspect of our lives and reshaping entire industries in the process. In healthcare, AI-powered diagnostics and predictive analytics are revolutionizing patient care, enabling early detection of diseases and personalized treatment plans. In finance, AI algorithms are optimizing investment strategies, detecting fraudulent transactions, and streamlining customer service. In transportation, autonomous vehicles powered by AI promise to redefine mobility and reshape urban landscapes. The list goes on, with AI making its mark in fields as diverse as agriculture, education, retail, and entertainment.\n\nMachine Learning and Deep Learning\n\nAt the heart of AI\'s capabilities lie the fields of machine learning and deep learning. Machine learning algorithms enable computers to learn from data and make predictions or decisions without explicit programming. Deep learning, a subset of machine learning, involves training artificial neural networks with vast amounts of data to recognize patterns and make sense of complex information. These techniques underpin many of AI\'s most impressive feats, from natural language processing and image recognition to autonomous decision-making.\n\nEthical Considerations and Challenges\n\nAs AI continues to advance, it raises important ethical considerations and societal challenges. Concerns about data privacy, algorithmic bias, and job displacement loom large, prompting calls for responsible AI development and regulation. Addressing these issues will require collaboration between technologists, policymakers, and society at large to ensure that AI serves the greater good while minimizing potential harm.\n\nThe Future of AI\n\nLooking ahead, the future of AI holds immense promise and potential. As technologies continue to evolve, we can expect AI to become increasingly integrated into our daily lives, augmenting human capabilities and driving innovation across every sector. From personalized healthcare and precision agriculture to smart cities and environmental sustainability, the possibilities are limited only by our imagination.\n\nIn conclusion, Artificial Intelligence represents a transformative force that is reshaping the world as we know it. By harnessing the power of AI responsibly and ethically, we can unlock unprecedented opportunities for progress and prosperity, paving the way for a brighter and more inclusive future for all.\n\n\n\n\n\n', 'blog_sci_ai.jpg', 'https://www.youtube.com/embed/ThRYF96HIzA?si=Q0bmuFi9pUYycAO2\" title=\"YouTube video player', '', 'jenish', '2024-01-31', 2, 15, 'AI', '00:05:00');
INSERT INTO `item` (`id`, `title`, `description`, `content`, `photopath`, `videopath`, `test_link`, `publish_by`, `publish_date`, `module_id`, `category`, `keywords`, `time`) VALUES
(73, 'Telescopes 100 Years Ago', 'In the early 20th century, astronomers embarked on a journey of discovery, armed with telescopes that, by today\'s standards, may seem rudimentary but were instrumental in unraveling the mysteries of the cosmos. Let\'s step back in time and explore the telescopes of a century ago, their technology, capabilities, and the groundbreaking discoveries they facilitated.', 'Exploring the Universe: Telescopes a Century Ago\n\nIn the early 20th century, astronomers embarked on a journey of discovery, armed with telescopes that, by today\'s standards, may seem rudimentary but were instrumental in unraveling the mysteries of the cosmos. Let\'s step back in time and explore the telescopes of a century ago, their technology, capabilities, and the groundbreaking discoveries they facilitated.\n\nThe Era of Refracting Telescopes\n\nAt the turn of the 20th century, refracting telescopes dominated the astronomical landscape. These telescopes utilized lenses to gather and focus light, offering astronomers a glimpse into the distant reaches of space. Among the most renowned examples was the 60-inch Hale Telescope at Mount Wilson Observatory, which, upon its completion in 1908, held the title of the world\'s largest telescope.\n\nAdvancements in Reflecting Telescopes\n\nReflecting telescopes, which employ mirrors to collect and focus light, also made significant strides during this period. Innovations such as the Cassegrain and Newtonian designs improved optical performance and enabled astronomers to observe fainter and more distant celestial objects. The 100-inch Hooker Telescope, also located at Mount Wilson Observatory, exemplified the capabilities of reflecting telescopes, offering unparalleled views of the cosmos.\n\nObservational Discoveries\n\nArmed with these telescopes, astronomers embarked on ambitious observational campaigns, revolutionizing our understanding of the universe. Edwin Hubble\'s groundbreaking observations with the Hooker Telescope provided compelling evidence for the expanding universe and the existence of galaxies beyond our own Milky Way. Meanwhile, astronomers such as Annie Jump Cannon and Cecilia Payne-Gaposchkin used refracting telescopes to classify stars and unravel the mysteries of stellar evolution.\n\nChallenges and Limitations\n\nDespite their advancements, telescopes of a century ago faced significant challenges and limitations. Atmospheric turbulence, light pollution, and technological constraints hindered astronomers\' ability to observe faint objects and achieve high-resolution imaging. Nevertheless, astronomers persevered, pushing the boundaries of observational astronomy and laying the groundwork for future generations of telescopes and scientific discoveries.\n\nLegacy and Inspiration\n\nThe telescopes of a century ago left an indelible legacy, inspiring generations of astronomers and shaping our understanding of the cosmos. Their pioneering work laid the foundation for the construction of larger, more sophisticated telescopes, such as the Hubble Space Telescope and the forthcoming James Webb Space Telescope, which continue to push the boundaries of astronomical research.\n\nConclusion\n\nIn retrospect, the telescopes of 100 years ago may pale in comparison to their modern counterparts in terms of size and sophistication. However, their impact on the field of astronomy and our collective understanding of the universe is immeasurable. As we reflect on their legacy, we are reminded of the enduring spirit of exploration and discovery that drives humanity\'s quest to unravel the mysteries of the cosmos.\n\n\n\n\n\n', 'blog_sci_telescope.jpg', 'https://www.youtube.com/embed/cjFRYkYG1HU?si=KpRw7OM4-1fbSGSc\" title=\"YouTube video player', '', 'jenish', '2014-04-15', 2, 15, 'telescope', '00:05:00'),
(74, 'Fiber Optics Bring You Internet.', 'Fiber Optics Bring You Internet. Now Theyre Also Listening to Trains\r\nDistributed acoustic sensing looks for disturbances in fiber to detect earthquakes and even insects. Can it also improve rail safety?', 'Unveiling the Wonders of Fiber Optics: Powering the Internet Age\n\nIn an increasingly interconnected world, the backbone of our digital infrastructure lies in the marvels of fiber optics. From enabling lightning-fast internet speeds to revolutionizing telecommunications, fiber optics has emerged as a cornerstone of the modern era. Join us as we delve into the fascinating world of fiber optics and explore how it brings the internet to your fingertips.\n\nUnraveling the Science of Fiber Optics\n\nAt its core, fiber optics harnesses the principles of light propagation through transparent fibers made of glass or plastic. These fibers, thinner than a human hair, are designed to carry light signals over long distances with minimal loss or distortion. By transmitting data in the form of light pulses, fiber optics achieves speeds and bandwidths far exceeding those of traditional copper-based cables.\n\nThe Birth of High-Speed Internet\n\nThe widespread adoption of fiber optics has transformed the landscape of internet connectivity, paving the way for high-speed broadband services that power our digital lives. Fiber-optic networks, capable of transmitting data at speeds measured in gigabits per second, enable seamless streaming of high-definition video, ultra-responsive online gaming, and instantaneous access to vast repositories of information.\n\nEmpowering Telecommunications\n\nBeyond internet connectivity, fiber optics plays a pivotal role in revolutionizing telecommunications infrastructure. Optical fiber cables form the backbone of global communication networks, facilitating the transmission of voice, data, and multimedia content across vast distances. From international submarine cables to metropolitan fiber rings, fiber optics underpins the seamless exchange of information that drives our interconnected world.\n\nApplications Beyond Connectivity\n\nThe impact of fiber optics extends far beyond internet connectivity and telecommunications. In fields such as medicine, fiber-optic sensors enable minimally invasive diagnostic procedures and precise monitoring of vital signs. In manufacturing, fiber-optic inspection systems ensure the quality and integrity of industrial processes. From aerospace to automotive industries, fiber optics finds applications in diverse fields, driving innovation and efficiency.\n\nChallenges and Future Prospects\n\nWhile fiber optics holds immense promise, it also presents challenges, including the cost of infrastructure deployment and the need for ongoing maintenance and upgrades. Nevertheless, ongoing advancements in fiber-optic technology, such as the development of hollow-core fibers and photonic integrated circuits, promise to further enhance performance and expand the reach of fiber-optic networks.\n\nConclusion\n\nAs we navigate the digital age, fiber optics stands as a testament to human ingenuity and innovation. From powering high-speed internet connections to revolutionizing global telecommunications, fiber optics has become indispensable to our modern way of life. As we look to the future, the continued advancement of fiber-optic technology holds the promise of even greater connectivity, efficiency, and opportunity for generations to come.', 'blog_sci_fiber.jpg', 'https://www.youtube.com/embed/cR1FyHv_rJE?si=KtkOGaoBDPW-t8Na\" title=\"YouTube video player', '', 'jenish', '2024-01-31', 2, 15, 'fiber', '00:05:00'),
(75, 'Second Brain', 'Unpicking the Mystery of the Bodys Second Brain\r\nSitting alongside the neurons in your enteric nervous system are underappreciated glial cells, which play key roles in digestion and disease that scientists are only just starting to understand.', 'Unveiling the Concept of the Second Brain: Your Gut\n\nIn recent years, scientific research has shed light on an extraordinary aspect of human physiology: the \"second brain\" residing in our gut. Far from being a mere digestive organ, the gut harbors a complex network of neurons and neurotransmitters that exert a profound influence on our physical and mental well-being. Join us as we explore the fascinating world of the second brain and its implications for health and happiness.\n\nThe Gut-Brain Axis: A Bidirectional Communication Highway\n\nThe communication between the gut and the brain is facilitated by the gut-brain axis, a complex network of nerves, hormones, and biochemical signaling pathways. This bidirectional communication highway allows the gut to send signals to the brain and vice versa, influencing everything from mood and emotions to immune function and inflammation.\n\nThe Role of the Microbiome: Guardians of Gut Health\n\nCentral to the functioning of the second brain is the gut microbiome, a diverse ecosystem of trillions of microorganisms that inhabit our digestive tract. These \"friendly\" bacteria play a crucial role in maintaining gut health, aiding in digestion, synthesizing essential nutrients, and modulating the immune system. Emerging research suggests that disturbances in the gut microbiome may contribute to a wide range of health conditions, including depression, anxiety, and autoimmune diseases.\n\nThe Gut-Brain Connection: Implications for Mental Health\n\nThe influence of the gut on mental health has garnered increasing attention in the field of psychiatry and neuroscience. Studies have revealed intimate connections between gut health and conditions such as depression, anxiety, and even neurodegenerative diseases like Alzheimer\'s. The gut microbiome produces neurotransmitters such as serotonin and gamma-aminobutyric acid (GABA), which play crucial roles in regulating mood and emotional states.\n\nNurturing Your Second Brain: Strategies for Gut Health\n\nMaintaining a healthy second brain requires attention to both diet and lifestyle factors. Consuming a diverse array of fiber-rich foods, fermented foods, and prebiotics nourishes the gut microbiome and promotes a balanced microbial ecosystem. Additionally, managing stress, getting adequate sleep, and staying physically active contribute to overall gut health and well-being.\n\nHarnessing the Power of the Second Brain\n\nAs our understanding of the gut-brain connection deepens, so too does the potential for innovative therapies and interventions. Probiotics, prebiotics, and other gut-targeted interventions hold promise for managing mental health conditions and improving overall well-being. By nurturing our second brain, we can unlock new avenues for promoting health, happiness, and vitality.\n\nConclusion\n\nThe concept of the second brain underscores the profound interconnectedness of mind and body. By recognizing the pivotal role of the gut in shaping our physical and mental health, we gain valuable insights into strategies for fostering wellness and resilience. As we continue to unravel the mysteries of the gut-brain axis, we pave the way for a future where holistic approaches to health and healing flourish.\n\n\n\n\n\n', 'blog_sci_braicell.jpg', 'https://www.youtube.com/embed/1karSBbkTXw?si=ZJ7xMqfjh8rz1nyW\" title=\"YouTube video player', '', 'prakash', '2024-01-14', 2, 15, 'braincell', '00:05:00'),
(76, 'Love and Lemons', 'Hello, we\'re Jeanine and Jack.\r\nWe love to eat, travel, cook, and eat some more! We create & photograph vegetarian recipes from our home in Chicago, while our shiba pups eat the kale stems that fall on the kitchen floor.', 'Embracing Love and Lemons: A Culinary Journey of Flavor and Freshness\n\nIn the realm of culinary delights, there exists a magical pairing that transcends seasons and palates  love and lemons. From zesty appetizers to tangy desserts, the humble lemon infuses dishes with a burst of brightness and vitality, while love adds an extra layer of warmth and affection to every creation. Join us as we explore the harmonious marriage of love and lemons and discover the culinary wonders that await.\n\nThe Power of Citrus\n\nAt the heart of the love and lemons saga lies the versatile citrus fruit  the lemon. With its vibrant yellow hue and tangy flavor profile, the lemon has long been cherished by chefs and home cooks alike for its ability to elevate dishes to new heights. Whether squeezed over grilled fish, zested into pasta, or incorporated into decadent desserts, lemons add a refreshing and invigorating element that tantalizes the taste buds and invigorates the senses.\n\nRecipes From the Heart\n\nIn the kitchen, love and lemons work in perfect harmony to create dishes that not only nourish the body but also feed the soul. From a simple yet satisfying lemon garlic roasted chicken to a vibrant and refreshing lemon basil pasta salad, each recipe is crafted with care and intention, infusing every bite with a sense of joy and connection. And let\'s not forget about dessert  who can resist the irresistible allure of a tangy lemon tart or a fluffy lemon poppyseed cake?\n\nA Feast for the Senses\n\nAs you embark on your culinary journey with love and lemons, take a moment to savor the experience with all your senses. Inhale the fragrant aroma of freshly squeezed lemon juice, revel in the vibrant colors of citrus-infused dishes, and delight in the symphony of flavors that dance across your palate with each bite. Whether cooking for yourself or sharing a meal with loved ones, let the magic of love and lemons transform every moment into a celebration of life and nourishment.\n\nThe Gift of Giving\n\nIn addition to delighting the senses, love and lemons also hold the power to uplift and inspire others. Consider sharing your favorite lemon-infused recipes with friends and family, or surprise a loved one with a homemade lemon treat as a gesture of affection. In a world filled with hustle and bustle, a simple act of kindness infused with the essence of love and lemons can brighten someone\'s day and remind them of the beauty that surrounds us.\n\nConclusion\n\nAs we bid adieu to our culinary adventure with love and lemons, let us carry forward the lessons learned in the kitchen  that the simplest ingredients have the power to transform ordinary moments into extraordinary experiences, and that love, like a freshly squeezed lemon, adds a touch of brightness and zest to everything it touches. So go forth, dear readers, and embrace the magic of love and lemons in your own culinary creations, and may your kitchen always be filled with laughter, flavor, and joy. Cheers to love, lemons, and the endless possibilities that lie ahead!', 'blog_food_lemon.jpg', 'https://www.youtube.com/embed/JP3QjhrUPd0?si=HL8zpHqVW-Cky_U7\" title=\"YouTube video player', '', 'piksu', '2020-04-29', 2, 14, 'food', '00:05:00'),
(77, 'Mor Mu Dong Restaurant', 'Food You Must Eat in Phuket, Thailand!', 'Savoring the Flavors of Tradition: Exploring Mor Mu Dong Restaurant\n\nNestled in the heart of [location], Mor Mu Dong Restaurant beckons food enthusiasts on a culinary journey through the rich tapestry of Thai cuisine. With its unassuming facade and warm ambiance, this culinary gem offers more than just a meal; it provides a window into the soul of Thai gastronomy. Join us as we embark on a virtual tour of Mor Mu Dong and discover the tantalizing flavors that await within.\n\nA Culinary Oasis\n\nAs you step through the doors of Mor Mu Dong, you are greeted by the enticing aromas of freshly prepared Thai dishes wafting from the kitchen. The restaurant\'s inviting atmosphere, adorned with traditional Thai decor and soothing music, sets the stage for a memorable dining experience. Whether you\'re seeking a casual lunch with friends or a romantic dinner for two, Mor Mu Dong caters to every occasion with its welcoming ambiance and attentive service.\n\nThe Artistry of Thai Cuisine\n\nAt Mor Mu Dong, the menu is a celebration of Thailand\'s culinary heritage, showcasing a diverse array of dishes bursting with flavor and authenticity. From fragrant curries and zesty salads to succulent grilled meats and aromatic stir-fries, each dish is crafted with care and precision, using the finest ingredients sourced from local markets and trusted suppliers. Whether you\'re a fan of classic Thai favorites or eager to explore new culinary horizons, Mor Mu Dong offers something to tantalize every palate.\n\nSignature Dishes\n\nAmong the highlights of Mor Mu Dong\'s menu are its signature dishes, beloved by locals and visitors alike. Indulge in the rich and creamy goodness of Green Curry Chicken, or savor the complex flavors of Pad Thai, expertly prepared with a perfect balance of sweet, sour, and savory notes. For seafood lovers, the Tom Yum Goong soup offers a tantalizing blend of spicy and sour flavors, while the Grilled Pork Neck provides a satisfyingly smoky and tender culinary experience.\n\nA Feast for the Senses\n\nDining at Mor Mu Dong is more than just a meal; it\'s a feast for the senses. From the vibrant colors of freshly prepared ingredients to the tantalizing aromas that dance through the air, every aspect of the dining experience is designed to delight and inspire. Pair your meal with a refreshing Thai iced tea or a crisp Singha beer, and let the flavors of Thailand transport you to a culinary paradise.\n\nConclusion\n\nMor Mu Dong Restaurant embodies the essence of Thai hospitality and culinary excellence, offering a memorable dining experience that celebrates the rich flavors and traditions of Thailand. Whether you\'re a seasoned food enthusiast or a curious traveler eager to explore the wonders of Thai cuisine, Mor Mu Dong invites you to embark on a gastronomic adventure you won\'t soon forget.\n\n\n\n\n\n', 'blog_food_thai.jpg', 'https://www.youtube.com/embed/iv0Uq2iIuCY?si=8WLARP8LhhrktLGd\" title=\"YouTube video player', '', 'piksu', '2023-11-14', 2, 14, 'thaifood', '00:05:00'),
(78, 'Aloo Phulkopir Dalna', 'Aloo Phulkopir Dalna  Bengali Cauliflower Potato Curry', 'Exploring Aloo Phulkopir Dalna: A Taste of Bengali Comfort Food\n\nIn the rich tapestry of Bengali cuisine, Aloo Phulkopir Dalna stands as a beloved classic  a comforting and flavorful dish that embodies the essence of home-cooked goodness. Rooted in tradition yet versatile in its execution, this hearty curry brings together the humble potato (aloo) and cauliflower (phulkopi) in a tantalizing medley of spices and aromatics. Join us as we delve into the world of Aloo Phulkopir Dalna and uncover the secrets behind its irresistible allure.\n\nA Culinary Tradition\n\nAloo Phulkopir Dalna holds a special place in Bengali households, where it is often prepared with love and care to nourish both body and soul. The dish is characterized by its delicate balance of flavors, with the sweetness of the cauliflower complementing the earthiness of the potatoes, all brought together in a rich and aromatic gravy. Served alongside steaming hot rice or fluffy rotis, Aloo Phulkopir Dalna is a comforting meal that speaks to the heart.\n\nThe Art of Preparation\n\nThe magic of Aloo Phulkopir Dalna lies in its simplicity, yet the dish is not without its intricacies. To achieve the perfect balance of flavors and textures, the potatoes and cauliflower are first sauted with onions, ginger, and garlic, allowing them to absorb the fragrant spices. A blend of turmeric, cumin, coriander, and garam masala lends depth and complexity to the dish, while a touch of green chili adds a hint of heat. Finished with a splash of water and a sprinkle of fresh cilantro, Aloo Phulkopir Dalna is ready to grace the table with its irresistible aroma and mouthwatering flavor.\n\nA Celebration of Seasonal Ingredients\n\nOne of the hallmarks of Bengali cuisine is its reliance on fresh, seasonal ingredients, and Aloo Phulkopir Dalna is no exception. Traditionally prepared during the winter months when cauliflower is in abundance, this comforting curry showcases the best of what the season has to offer. The crisp texture of the cauliflower and the creamy flesh of the potatoes are a testament to the bountiful harvest, while the warm spices evoke the cozy comforts of home on chilly evenings.\n\nA Feast for the Senses\n\nAs you savor each spoonful of Aloo Phulkopir Dalna, allow yourself to be transported to the bustling streets of Kolkata, where the tantalizing aroma of spices fills the air and the sound of sizzling pans beckons you to indulge. Feel the warmth of the curry as it spreads across your palate, savoring the delicate balance of flavors with each bite. Whether enjoyed as a simple weeknight dinner or served up at festive gatherings, Aloo Phulkopir Dalna is sure to leave a lasting impression on your taste buds and your heart.\n\nConclusion\n\nIn the world of Bengali cuisine, Aloo Phulkopir Dalna reigns supreme as a timeless classic  a dish that embodies the spirit of home and hearth. With its rich flavors, comforting textures, and soul-satisfying warmth, it is no wonder that this beloved curry holds a special place in the hearts of food enthusiasts around the world. So why not treat yourself to a taste of Bengali comfort food today? Whip up a batch of Aloo Phulkopir Dalna in your own kitchen and experience the magic for yourself.', 'blog_food_bengali.jpg', 'https://www.youtube.com/embed/P4lvoKc__mc?si=1lI7dzBlsKnDeKLN\" title=\"YouTube video player', '', 'shizu', '2024-01-03', 2, 14, 'indianfood', '00:05:00'),
(79, 'Best Biryani in Melbourne ', 'Best Biryani in Melbourne at Ghazal Indian Restaurant', 'Savoring Melbourne\'s Finest: The Quest for the Best Biryani\n\nMelbourne, a melting pot of cultures and cuisines, is renowned for its vibrant food scene that caters to every palate. Among the myriad of culinary delights that grace the streets of this cosmopolitan city, one dish stands out as a true gem: Biryani. Embark on a culinary journey with us as we explore the tantalizing world of Biryani in Melbourne and discover where to find the very best this beloved dish has to offer.\n\nA Feast Fit for Royalty\n\nBiryani, a fragrant and flavorful rice dish that originated in the royal kitchens of ancient India, has captured the hearts and taste buds of food lovers around the globe. Comprising aromatic basmati rice, tender meat or vegetables, and a symphony of spices, Biryani is a feast fit for royalty. In Melbourne, where culinary diversity thrives, Biryani has found a home among the city\'s discerning diners, who seek out the finest renditions of this beloved dish.\n\nThe Hunt Begins\n\nWith so many restaurants and eateries vying for the title of Melbourne\'s best Biryani, the quest to find the ultimate culinary experience can seem daunting. Fear not, for we have scoured the streets and sampled the offerings to bring you a curated list of the top spots to indulge in this exquisite dish.\n\nServing Up Perfection: Melbourne\'s Top Biryani Destinations\n\nClaypots Evening Star: Nestled in the heart of South Melbourne, Claypots Evening Star is renowned for its delectable seafood dishes and vibrant atmosphere. Their Biryani, bursting with flavor and cooked to perfection, is a must-try for any discerning foodie.\n\nDosa Hut: With multiple locations across Melbourne, Dosa Hut is a favorite among locals for its authentic South Indian cuisine. Their Biryani, fragrant with spices and generously portioned, is sure to satisfy even the most discerning palate.\n\nLakshmi Vilas: Tucked away in the bustling suburb of Dandenong, Lakshmi Vilas is a hidden gem beloved by locals for its traditional Indian fare. Their Biryani, made with love and attention to detail, is a testament to the restaurant\'s commitment to excellence.\n\nZaaffran: Located on the banks of the Yarra River in Docklands, Zaaffran is renowned for its modern take on classic Indian dishes. Their Biryani, infused with the flavors of saffron and aromatic spices, is a culinary masterpiece that will leave you craving more.\n\nConclusion\n\nIn the vibrant culinary landscape of Melbourne, Biryani reigns supreme as a dish that transcends cultural boundaries and delights the senses. Whether you prefer it with tender pieces of meat, fragrant vegetables, or succulent seafood, there is no shortage of options to satisfy your craving for this beloved dish. So why not embark on your own Biryani adventure and discover the flavors that await you in Melbourne\'s diverse and dynamic food scene? With each bite, you\'ll experience a symphony of flavors that will transport you to the bustling streets of India and beyond.\n\n\n\n\n\n', 'blog_food_biryani.jpeg', 'https://www.youtube.com/embed/7SJh6vNR7jI?si=fQOJ2TTCIOdPDmMg\" title=\"YouTube video player', '', 'jenish', '2021-05-17', 2, 14, 'biryani', '00:05:00'),
(80, 'chocolate ragi pancakes', 'Pancakes are a beloved breakfast staple, loved for their fluffy texture and endless topping possibilities. But have you ever tried chocolate ragi pancakes? If not, you\'re in for a treat! These decadent delights combine the wholesome goodness of ragi flour with the rich, indulgent flavor of chocolate, creating a breakfast experience like no other. Join us as we delve into the world of chocolate ragi pancakes and discover why they\'re the perfect way to start your day.', 'Indulge Your Taste Buds: Chocolate Ragi Pancakes\n\nPancakes are a beloved breakfast staple, loved for their fluffy texture and endless topping possibilities. But have you ever tried chocolate ragi pancakes? If not, you\'re in for a treat! These decadent delights combine the wholesome goodness of ragi flour with the rich, indulgent flavor of chocolate, creating a breakfast experience like no other. Join us as we delve into the world of chocolate ragi pancakes and discover why they\'re the perfect way to start your day.\n\nThe Health Benefits of Ragi Flour\n\nRagi, also known as finger millet, is a nutrient-rich grain that has been a dietary staple in India for centuries. Packed with essential nutrients like calcium, iron, and fiber, ragi offers a myriad of health benefits. From supporting bone health to aiding digestion, incorporating ragi into your diet is a delicious way to nourish your body.\n\nThe Magic of Chocolate\n\nWho can resist the allure of chocolate? Rich, indulgent, and oh-so-satisfying, chocolate has been tantalizing taste buds for centuries. Not only does it satisfy your sweet tooth, but it\'s also packed with antioxidants that can benefit your heart health and improve your mood. When combined with ragi flour, chocolate transforms ordinary pancakes into a decadent treat that\'s as nutritious as it is delicious.\n\nHow to Make Chocolate Ragi Pancakes\n\nMaking chocolate ragi pancakes is easier than you might think. Simply combine ragi flour, cocoa powder, baking powder, and a touch of sweetness to create a fluffy, chocolatey batter. Cook the pancakes on a hot griddle until golden brown, then stack them high and top with your favorite toppings. Whether you prefer fresh berries, sliced bananas, or a drizzle of maple syrup, the possibilities are endless.\n\nWhy You\'ll Love Them\n\nChocolate ragi pancakes offer the perfect balance of indulgence and nutrition. They\'re a guilt-free way to satisfy your chocolate cravings while fueling your body with wholesome ingredients. Plus, they\'re incredibly versatile, making them suitable for breakfast, brunch, or even dessert. Whether you\'re a health-conscious foodie or simply looking to spice up your breakfast routine, chocolate ragi pancakes are sure to delight your taste buds and leave you craving more.\n\nConclusion\n\nIf you\'re tired of the same old breakfast routine, it\'s time to shake things up with chocolate ragi pancakes. With their rich, indulgent flavor and wholesome ingredients, they\'re the perfect way to start your day on a delicious note. So why wait? Whip up a batch today and treat yourself to a breakfast experience like no other. Your taste buds will thank you!', 'blog_food_chocolate.jpg', 'https://www.youtube.com/embed/H2Cnmi-jnOo?si=W-9ti09rXm7U3dGd\" title=\"YouTube video player', '', 'prakash', '2023-11-21', 2, 14, 'chocolate', '00:05:00'),
(81, 'fish art', '', '', 'art1.jpg', '', '', 'shizu', '2024-02-03', 5, 23, '#fishart,#fishlover', '00:00:00'),
(82, 'mini cundils', '', '', 'art2.jpg', '', '', 'shizu', '2024-02-03', 5, 25, '#cundil,#Loveair', '00:00:00'),
(83, 'Light Balls', '', '', 'art3.jpg', '', '', 'piksu', '2024-02-03', 5, 25, '#lights', '00:00:00'),
(84, 'Ports Art', '', '', 'art4.jpg', '', '', 'jenu', '2024-02-03', 5, 25, '#Ports', '00:00:00'),
(85, 'orchids', '', '', 'flowers3.webp', '', '', 'shizu', '2024-02-03', 5, 25, '#orchidlover', '00:00:00'),
(86, 'Lavender', '', '', 'flowers4.jpg', '', '', 'shizu', '2024-02-03', 5, 25, '#lavnder', '00:00:00'),
(87, 'beach', '', '', 'nature1.jpg', '', '', 'prakash', '2024-02-03', 5, 25, '#beachscene', '00:00:00'),
(88, 'water fall', '', '', 'nature3.jpg', '', '', 'prakash', '2024-02-03', 5, 25, '#waterfall', '00:00:00'),
(89, 'amanda beach', '', '', 'nature4.jpg', '', '', 'jenu', '2024-02-03', 5, 25, '#amandabeach', '00:00:00'),
(90, 'The Benefits of Mindfulness Meditation for Stress ', 'Mindfulness meditation is a practice that involves bringing your attention to the present moment, cultivating a state of awareness and acceptance without judgment. By tuning into the sensations of your breath, body, and surroundings, you can anchor yourself in the present and let go of worries about the past or future.', 'Unlocking Inner Calm: The Transformative Power of Mindfulness Meditation\r\n\r\nIn our hectic and fast-paced lives, stress has become an all-too-familiar companion for many of us. From looming deadlines to endless to-do lists, it\'s easy to feel overwhelmed by the demands of daily life. Fortunately, there\'s a simple yet profoundly effective tool that can help us navigate the turbulent waters of stress: mindfulness meditation.\r\n\r\nMindfulness meditation is a practice rooted in ancient wisdom, but its relevance in today\'s modern world has never been greater. At its core, mindfulness involves bringing our attention to the present moment with openness, curiosity, and acceptance. By cultivating this present-moment awareness, we can learn to observe our thoughts and emotions without judgment, allowing them to come and go like clouds passing through the sky.\r\n\r\nOne of the most compelling benefits of mindfulness meditation is its ability to reduce stress levels. Countless studies have shown that regular practice can lower levels of cortisol, the body\'s primary stress hormone, leading to a greater sense of calm and relaxation. By learning to anchor ourselves in the present moment, we can break free from the cycle of worry and rumination that often perpetuates stress and anxiety.\r\n\r\nMoreover, mindfulness meditation offers a profound shift in perspective that can transform how we relate to the challenges of daily life. By cultivating a non-reactive stance towards our thoughts and emotions, we develop a greater sense of inner resilience and equanimity. Rather than being swept away by the ups and downs of life, we can learn to surf the waves with grace and ease.\r\n\r\nBut the benefits of mindfulness meditation extend far beyond stress reduction. Research has shown that it can also improve focus and concentration, enhance emotional regulation, and foster greater compassion and empathy towards ourselves and others. It\'s no wonder that mindfulness has become increasingly popular in fields ranging from psychology and healthcare to education and business.\r\n\r\nIn conclusion, mindfulness meditation is a powerful tool for stress reduction and overall well-being. By making time for regular practice, we can cultivate a greater sense of inner peace, resilience, and vitality in our lives. So why not take a few moments each day to sit in stillness, breathe deeply, and reconnect with the present moment? Your mind, body, and spirit will thank you for it.', 'blog_health_meditation.jpg', 'https://www.youtube.com/embed/l1g2A2gXtOI?si=Ze08ptvohF3Hu75L\" title=\"YouTube video player', '', 'piksu', '2024-03-05', 2, 27, '#peacefullmind,#meditation', '00:05:21'),
(91, 'How to Build a Balanced and Nutritious Diet Plan', 'In today\'s fast-paced world, maintaining a balanced and nutritious diet can sometimes feel like a daunting task. With so much conflicting information out there, it\'s easy to feel overwhelmed and unsure where to start. But fear not  building a healthy diet plan doesn\'t have to be complicated. With a few simple guidelines and a bit of planning, you can create a meal plan that nourishes your body and supports your overall well-being.', 'In today\'s hectic world, maintaining a balanced and nutritious diet can seem like a daunting task. However, with a little bit of planning and the right approach, creating a healthy eating plan that works for you is entirely achievable. Here are some practical steps to help you build a balanced and nutritious diet plan:\r\n\r\n1. Assess Your Current Eating Habits:\r\nStart by taking a look at your current eating habits and identifying areas where you can make improvements. Keep a food diary for a few days to track what you eat and drink, as well as how much and when. This will give you valuable insight into your dietary patterns and areas for change.\r\n\r\n2. Set Realistic Goals:\r\nEstablishing realistic and achievable goals is key to success when it comes to building a healthy diet plan. Whether your goal is to lose weight, improve your energy levels, or simply eat more vegetables, make sure it\'s specific, measurable, and attainable. Break larger goals down into smaller, manageable steps to keep yourself motivated and on track.\r\n\r\n3. Focus on Whole Foods:\r\nBase your diet around whole, minimally processed foods that are as close to their natural state as possible. This includes fruits, vegetables, whole grains, lean proteins, and healthy fats. These foods are rich in essential nutrients, fiber, and antioxidants, and can help support overall health and well-being.\r\n\r\n4. Practice Portion Control:\r\nWhile the quality of your food choices is important, portion control also plays a significant role in maintaining a healthy weight and balanced diet. Be mindful of portion sizes and avoid oversized servings, especially when dining out or snacking. Use smaller plates and bowls to help control portion sizes and listen to your body\'s hunger and fullness cues.\r\n\r\n5. Include a Variety of Nutrient-Dense Foods:\r\nEating a diverse range of nutrient-dense foods ensures that you get a wide array of vitamins, minerals, and other essential nutrients. Aim to include a variety of colors, textures, and flavors in your meals, and experiment with different fruits, vegetables, whole grains, and proteins. This not only makes your meals more enjoyable but also provides a broader spectrum of nutrients.\r\n\r\n6. Don\'t Forget About Hydration:\r\nStaying hydrated is essential for overall health and well-being. Aim to drink plenty of water throughout the day, and limit your intake of sugary drinks and excessive caffeine. Water helps regulate body temperature, aids digestion, flushes out toxins, and keeps your skin looking healthy and vibrant.\r\n\r\n7. Be Flexible and Enjoy Moderation:\r\nRemember that building a balanced and nutritious diet plan is not about perfection but rather about progress. Allow yourself some flexibility and enjoy your favorite foods in moderation. Depriving yourself of the foods you love can lead to feelings of deprivation and ultimately sabotage your efforts. Instead, focus on making healthier choices most of the time while still allowing yourself the occasional treat.\r\n\r\nIn conclusion, building a balanced and nutritious diet plan is all about making informed choices, prioritizing whole foods, and listening to your body\'s needs. By following these practical steps and making gradual changes over time, you can create a sustainable eating plan that nourishes your body and supports your overall health and well-being.', 'blog_health_diet.jpeg', 'https://www.youtube.com/embed/c06dTj0v0sM?si=ImmzUwoMrtHCUho2\" title=\"YouTube video player', '', 'shizu', '2024-03-05', 2, 27, '#healthyDiet,#fitness', '00:06:05'),
(92, 'Regular Exercise for Mental and Physical Health', 'Regular exercise is not only essential for physical health but also plays a crucial role in maintaining mental well-being. Incorporating consistent physical activity into your routine offers a multitude of benefits for both the body and mind.', 'In today\'s fast-paced world, finding time for exercise can sometimes feel like an impossible task. However, prioritizing regular physical activity is crucial not only for our physical well-being but also for our mental health. Let\'s delve into why regular exercise is essential for maintaining a healthy mind and body:\r\n\r\nPhysical Health Benefits:\r\n\r\nRegular exercise offers a plethora of benefits for our physical health. Engaging in activities such as walking, jogging, swimming, or cycling strengthens our muscles and bones, improves cardiovascular health, and enhances overall fitness levels. It helps in maintaining a healthy weight, reducing the risk of chronic diseases like heart disease, diabetes, and certain types of cancer.\r\n\r\nMental Health Benefits:\r\n\r\nExercise isn\'t just good for our bodies; it\'s also a powerful tool for supporting mental well-being. Physical activity triggers the release of endorphins, often referred to as \"feel-good\" hormones, which can boost mood and alleviate symptoms of stress, anxiety, and depression. Regular exercise also promotes better sleep quality, enhances cognitive function, and boosts self-esteem and confidence.\r\n\r\nStress Relief and Mood Enhancement:\r\n\r\nWhen life gets overwhelming, exercise can be a valuable outlet for stress relief. Physical activity helps to reduce levels of stress hormones like cortisol while increasing the production of neurotransmitters like serotonin and dopamine, which are associated with feelings of happiness and relaxation. Even a short walk or a quick workout session can leave you feeling calmer and more centered.\r\n\r\nImproved Sleep Quality:\r\n\r\nExercise plays a crucial role in regulating our sleep-wake cycle and promoting restful sleep. Regular physical activity helps to synchronize our body\'s internal clock, making it easier to fall asleep and stay asleep throughout the night. By incorporating exercise into your daily routine, you can enjoy more restorative sleep and wake up feeling refreshed and rejuvenated.\r\n\r\nTips for Getting Started:\r\n\r\nIf you\'re new to exercise or struggling to stay motivated, start by incorporating small amounts of physical activity into your daily routine. Set realistic goals, such as going for a 30-minute walk a few times a week, and gradually increase the duration and intensity of your workouts as you build strength and stamina. Find activities that you enjoy and make exercise a fun and rewarding part of your day.\r\n\r\nIn conclusion, regular exercise is essential for maintaining both mental and physical health. By prioritizing physical activity and making it a regular part of your lifestyle, you can experience a multitude of benefits, from improved mood and reduced stress to better sleep and overall well-being. Remember, every step counts, so lace up those sneakers and start moving towards a healthier, happier you!', 'blog_health_exercise.jpeg', 'https://www.youtube.com/embed/Osd4DLpMNp4?si=mOWapz0zZfDD8Q3W\" title=\"YouTube video player', '', 'piksu', '2024-03-05', 2, 27, '#regularFitness,#healthyexercise', '00:07:40'),
(93, 'The Evolution of Sports Nutrition: From Basics to ', 'Sports nutrition has come a long way from the days of simply \"carb-loading\" before a big game or race. Today, athletes and fitness enthusiasts have access to a wealth of knowledge and advanced strategies to optimize their performance through nutrition. Let\'s explore the evolution of sports nutrition, from its humble beginnings to the cutting-edge techniques used by elite athletes worldwide.', 'In the world of sports, achieving peak performance isn\'t just about talent and trainingit\'s also about fueling the body with the right nutrients. Over the years, sports nutrition has evolved from simple dietary practices to a sophisticated science that plays a crucial role in athletic success. Let\'s delve into the fascinating journey of sports nutrition, from its humble beginnings to the cutting-edge strategies used by athletes today.\r\n\r\nEarly Practices:\r\n\r\nIn the early days of organized sports, athletes had limited knowledge about the importance of nutrition for performance. Dietary recommendations were often based on tradition rather than scientific evidence. Athletes would rely on hearty meals rich in carbohydrates for energy, with little emphasis on the specific timing or composition of their diets.\r\n\r\nEmergence of Scientific Research:\r\n\r\nAs sports science advanced, researchers began to explore the relationship between nutrition and athletic performance. Studies conducted in laboratories and field settings shed light on the role of macronutrients (carbohydrates, proteins, and fats) in fueling workouts, promoting muscle growth, and supporting recovery.\r\n\r\nThe Role of Carbohydrates:\r\n\r\nCarbohydrates emerged as a crucial fuel source for endurance athletes, providing readily available energy for prolonged activities. Concepts like carb-loading before competitions gained popularity, helping athletes sustain energy levels and delay fatigue during intense efforts.\r\n\r\nProtein for Muscle Repair and Growth:\r\n\r\nProtein gained recognition for its role in muscle repair and growth, leading athletes to prioritize protein-rich foods to support recovery and adaptation to training. Protein supplements became commonplace, offering convenient ways to meet increased protein needs for athletes with high training volumes.\r\n\r\nFine-Tuning Nutrient Timing and Composition:\r\n\r\nAs sports nutrition knowledge deepened, athletes began to fine-tune their dietary practices to optimize performance. Concepts like nutrient timingstrategically consuming carbohydrates and proteins before, during, and after workoutsbecame prevalent to enhance energy levels and muscle recovery.\r\n\r\nPersonalized Nutrition Plans:\r\n\r\nToday, sports nutrition is highly individualized, with athletes working closely with registered dietitians and nutritionists to develop personalized meal plans tailored to their specific needs and goals. Factors such as training volume, intensity, body composition, and dietary preferences are taken into account to optimize performance and health.\r\n\r\nIncorporating Supplements and Ergogenic Aids:\r\n\r\nIn addition to whole foods, athletes may incorporate supplements and ergogenic aids into their nutrition strategies to enhance performance. These include caffeine for energy and focus, creatine for strength and power, and electrolytes for hydration and muscle function.\r\n\r\nLooking Ahead:\r\n\r\nAs sports nutrition continues to evolve, the future holds exciting possibilities. Advances in technology, such as wearable devices and genetic testing, may provide athletes with even more personalized insights into their nutritional needs and responses to different foods and supplements.\r\n\r\nIn conclusion, the evolution of sports nutrition from basic dietary practices to advanced strategies underscores its critical role in optimizing athletic performance and supporting overall health and well-being. By staying informed about the latest research and working with qualified professionals, athletes can fuel their bodies effectively and unlock their full potential on the field, court, or track.', 'blog_sports_nutrition.jpg', 'https://www.youtube.com/embed/t94gXL6VDj0?si=lTd1NTmBUytnv5vu\" title=\"YouTube video player', '', 'shizu', '2024-03-05', 2, 28, '#nutrition', '00:06:00'),
(94, 'Breaking Barriers: Women\'s Empowerment in Sports', 'Women\'s participation in sports has come a long way, from being largely excluded to now breaking barriers and achieving remarkable milestones. The journey towards gender equality in sports has been marked by challenges, triumphs, and inspiring stories of empowerment.', 'Women\'s participation in sports has long been a symbol of resilience, determination, and progress. From challenging societal norms to breaking records on the field, female athletes have continuously shattered stereotypes and paved the way for future generations. In this blog post, we delve into the journey of women\'s empowerment in sports, highlighting key milestones, challenges, and the transformative impact of female athletes worldwide.\r\n\r\nHistorical Challenges:\r\nThroughout history, women faced numerous barriers to participating in sports. Cultural norms, societal expectations, and institutionalized discrimination often limited their access to training facilities, competitive opportunities, and resources. Despite these challenges, pioneering women athletes defied the odds and made their mark on the world of sports.\r\n\r\nTrailblazing Athletes:\r\nFrom trailblazers like Wilma Rudolph and Billie Jean King to modern-day icons like Serena Williams and Simone Biles, women athletes have shattered glass ceilings and rewritten the narrative of what is possible in sports. Through their extraordinary talents, resilience, and determination, they have not only achieved athletic greatness but also inspired millions around the world to dream big and pursue their passions fearlessly.\r\n\r\nLandmark Achievements:\r\nThe fight for gender equality in sports has seen significant progress over the years. Milestones such as the enactment of Title IX in the United States, which prohibited sex-based discrimination in educational programs and activities, and the inclusion of women\'s events in major sporting competitions like the Olympics have played pivotal roles in advancing women\'s rights and representation in sports.\r\n\r\nInspiring Role Models:\r\nFemale athletes serve as powerful role models and advocates for women\'s empowerment both on and off the field. Through their achievements, advocacy, and philanthropy, they use their platforms to promote gender equality, challenge stereotypes, and empower future generations of athletes to strive for excellence.\r\n\r\nPromoting Inclusivity:\r\nEfforts to promote inclusivity and diversity in sports continue to gain momentum. Initiatives aimed at increasing access to sports programs, eliminating gender-based barriers, and providing equal opportunities for female athletes are essential steps towards creating a more equitable and inclusive sports landscape.\r\n\r\nBuilding Confidence and Leadership:\r\nParticipation in sports not only fosters physical health but also nurtures essential life skills such as teamwork, resilience, and leadership. By engaging in sports, women and girls develop confidence, self-esteem, and a sense of empowerment that transcends the playing field and prepares them for success in all aspects of life.\r\n\r\nLooking Ahead:\r\nAs we celebrate the progress made in women\'s sports, we recognize that there is still work to be done. By advocating for gender equality, amplifying women\'s voices, and creating supportive environments for female athletes, we can continue to break down barriers, challenge stereotypes, and empower women and girls to reach their full potential in sports and beyond.\r\n\r\nIn conclusion, the journey of women\'s empowerment in sports is a testament to the power of perseverance, courage, and solidarity. By celebrating the achievements of female athletes, challenging gender norms, and advocating for equal opportunities, we can create a future where every woman and girl has the chance to thrive and succeed in the world of sports.\r\n\r\n\r\n\r\n\r\n\r\n', 'blog_sports_barries.jpeg', 'https://www.youtube.com/embed/VF4ZyJRUxk8?si=ccSoVOIDEB4wR1A6\" title=\"YouTube video player', '', 'jenu', '2024-03-05', 2, 28, '#womensPower', '00:00:00'),
(95, 'Dark Shadow', '', '', 'anime1.jpg', '', '', 'piksu', '2024-03-06', 5, 26, '#darkanime', '00:00:00'),
(96, 'Attitude', '', '', 'anime2.jpg', '', '', 'jenu', '2024-03-06', 5, 26, '#Attitude', '00:00:00'),
(97, 'Friends', '', '', 'anime3.jpeg', '', '', 'jenu', '2024-03-06', 5, 26, '#friends', '00:00:00'),
(98, 'Fighter', '', '', 'anime4.jpg', '', '', 'piksu', '2024-03-06', 5, 26, '#fighter', '00:00:00');

-- --------------------------------------------------------

--
-- Table structure for table `modules`
--

CREATE TABLE `modules` (
  `mid` int(11) NOT NULL,
  `module_name` varchar(30) NOT NULL,
  `photo` varchar(30) NOT NULL
) ENGINE=InnoDB DEFAULT CHARSET=utf8mb4 COLLATE=utf8mb4_general_ci;

--
-- Dumping data for table `modules`
--

INSERT INTO `modules` (`mid`, `module_name`, `photo`) VALUES
(1, 'Entertaintment', 'entertainment_mod.jpg'),
(2, 'Blog', 'blog_mod.jpeg'),
(3, 'Languages', 'language_mod.jpeg'),
(4, 'Programming Languages', 'pro_lang_mod.jpg'),
(5, 'Photo Gallery', 'photo_mod.jpg');

-- --------------------------------------------------------

--
-- Table structure for table `review`
--

CREATE TABLE `review` (
  `flc_id` int(11) NOT NULL,
  `comment` text NOT NULL,
  `liked` tinyint(1) NOT NULL,
  `item_id` int(11) NOT NULL,
  `uid` int(11) NOT NULL
) ENGINE=InnoDB DEFAULT CHARSET=latin1 COLLATE=latin1_swedish_ci;

--
-- Dumping data for table `review`
--

INSERT INTO `review` (`flc_id`, `comment`, `liked`, `item_id`, `uid`) VALUES
(5, '', 0, 71, 5),
(6, '', 0, 80, 5),
(7, '', 0, 94, 5),
(8, '', 0, 94, 5),
(9, '', 0, 94, 5);

-- --------------------------------------------------------

--
-- Table structure for table `userdetails`
--

CREATE TABLE `userdetails` (
  `uid` int(11) NOT NULL,
  `username` varchar(20) NOT NULL,
  `fullname` varchar(20) NOT NULL,
  `password` varchar(20) NOT NULL,
  `email` varchar(20) NOT NULL,
  `phone` int(11) NOT NULL,
  `gender` varchar(6) NOT NULL
) ENGINE=InnoDB DEFAULT CHARSET=utf8mb4 COLLATE=utf8mb4_general_ci;

--
-- Dumping data for table `userdetails`
--

INSERT INTO `userdetails` (`uid`, `username`, `fullname`, `password`, `email`, `phone`, `gender`) VALUES
(1, 'prakash', '', '123', '', 0, ''),
(2, 'piksu', '', '123', '', 0, ''),
(3, 'jenu', 'kishan', '123', 'khan', 123, 'none'),
(4, 'jenish', 'kishan', '123', 'khan', 123, 'none'),
(5, 'shizu', 'shehnaz', '123', 's@123', 1234, 'female');

--
-- Indexes for dumped tables
--

--
-- Indexes for table `category`
--
ALTER TABLE `category`
  ADD PRIMARY KEY (`cat_id`),
  ADD KEY `forgin` (`mid`);

--
-- Indexes for table `item`
--
ALTER TABLE `item`
  ADD PRIMARY KEY (`id`),
  ADD KEY `module_id` (`module_id`),
  ADD KEY `category` (`category`) USING BTREE;

--
-- Indexes for table `modules`
--
ALTER TABLE `modules`
  ADD PRIMARY KEY (`mid`);

--
-- Indexes for table `review`
--
ALTER TABLE `review`
  ADD PRIMARY KEY (`flc_id`),
  ADD KEY `forign key` (`uid`),
  ADD KEY `item_id` (`item_id`);

--
-- Indexes for table `userdetails`
--
ALTER TABLE `userdetails`
  ADD PRIMARY KEY (`uid`),
  ADD UNIQUE KEY `username` (`username`);

--
-- AUTO_INCREMENT for dumped tables
--

--
-- AUTO_INCREMENT for table `category`
--
ALTER TABLE `category`
  MODIFY `cat_id` int(11) NOT NULL AUTO_INCREMENT, AUTO_INCREMENT=29;

--
-- AUTO_INCREMENT for table `item`
--
ALTER TABLE `item`
  MODIFY `id` int(20) NOT NULL AUTO_INCREMENT, AUTO_INCREMENT=99;

--
-- AUTO_INCREMENT for table `modules`
--
ALTER TABLE `modules`
  MODIFY `mid` int(11) NOT NULL AUTO_INCREMENT, AUTO_INCREMENT=8;

--
-- AUTO_INCREMENT for table `review`
--
ALTER TABLE `review`
  MODIFY `flc_id` int(11) NOT NULL AUTO_INCREMENT, AUTO_INCREMENT=10;

--
-- AUTO_INCREMENT for table `userdetails`
--
ALTER TABLE `userdetails`
  MODIFY `uid` int(11) NOT NULL AUTO_INCREMENT, AUTO_INCREMENT=6;

--
-- Constraints for dumped tables
--

--
-- Constraints for table `category`
--
ALTER TABLE `category`
  ADD CONSTRAINT `category_ibfk_1` FOREIGN KEY (`mid`) REFERENCES `modules` (`mid`);

--
-- Constraints for table `item`
--
ALTER TABLE `item`
  ADD CONSTRAINT `item_ibfk_1` FOREIGN KEY (`module_id`) REFERENCES `modules` (`mid`),
  ADD CONSTRAINT `item_ibfk_2` FOREIGN KEY (`category`) REFERENCES `category` (`cat_id`);

--
-- Constraints for table `review`
--
ALTER TABLE `review`
  ADD CONSTRAINT `review_ibfk_1` FOREIGN KEY (`uid`) REFERENCES `userdetails` (`uid`),
  ADD CONSTRAINT `review_ibfk_2` FOREIGN KEY (`item_id`) REFERENCES `item` (`id`);
COMMIT;

/*!40101 SET CHARACTER_SET_CLIENT=@OLD_CHARACTER_SET_CLIENT */;
/*!40101 SET CHARACTER_SET_RESULTS=@OLD_CHARACTER_SET_RESULTS */;
/*!40101 SET COLLATION_CONNECTION=@OLD_COLLATION_CONNECTION */;
